x,y,dot,cross,angleDeg,t,qx,qy,bestCoordonatesx,bestCoordonatesy
0,0,0.0935999,-0.000108,-0.0661105,0,129,108,0,0
0.0601199,0.2997,0.0932691,-0.000107856,-0.0662566,1,129,108,0.0601199,0.2997
0.120479,0.5988,0.092939,-0.000107713,-0.0664034,2,129,108,0.120479,0.5988
0.181078,0.8973,0.0926098,-0.000107569,-0.0665509,3,129,108,0.181078,0.8973
0.241915,1.1952,0.0922813,-0.000107426,-0.066699,4,129,108,0.241915,1.1952
0.30299,1.4925,0.0919536,-0.000107284,-0.0668478,5,129,108,0.30299,1.4925
0.364303,1.7892,0.0916267,-0.000107141,-0.0669972,6,129,108,0.364303,1.7892
0.425853,2.0853,0.0913005,-0.000106999,-0.0671474,7,129,108,0.425853,2.0853
0.487639,2.3808,0.0909751,-0.000106857,-0.0672982,8,129,108,0.487639,2.3808
0.549662,2.6757,0.0906505,-0.000106716,-0.0674497,9,129,108,0.549662,2.6757
0.61192,2.97,0.0903267,-0.000106574,-0.0676019,10,129,108,0.61192,2.97
0.674414,3.2637,0.0900036,-0.000106433,-0.0677549,11,129,108,0.674414,3.2637
0.737142,3.5568,0.0896813,-0.000106293,-0.0679085,12,129,108,0.737142,3.5568
0.800104,3.8493,0.0893597,-0.000106152,-0.0680628,13,129,108,0.800104,3.8493
0.8633,4.1412,0.089039,-0.000106012,-0.0682178,14,129,108,0.8633,4.1412
0.92673,4.4325,0.088719,-0.000105872,-0.0683736,15,129,108,0.92673,4.4325
0.990392,4.7232,0.0883998,-0.000105733,-0.0685301,16,129,108,0.990392,4.7232
1.05429,5.0133,0.0880813,-0.000105594,-0.0686873,17,129,108,1.05429,5.0133
1.11841,5.3028,0.0877636,-0.000105455,-0.0688452,18,129,108,1.11841,5.3028
1.18277,5.5917,0.0874467,-0.000105316,-0.0690038,19,129,108,1.18277,5.5917
1.24736,5.88,0.0871305,-0.000105178,-0.0691632,20,129,108,1.24736,5.88
1.31218,6.1677,0.0868151,-0.000105039,-0.0693234,21,129,108,1.31218,6.1677
1.37723,6.4548,0.0865005,-0.000104902,-0.0694842,22,129,108,1.37723,6.4548
1.44251,6.7413,0.0861866,-0.000104764,-0.0696459,23,129,108,1.44251,6.7413
1.50801,7.0272,0.0858735,-0.000104627,-0.0698083,24,129,108,1.50801,7.0272
1.57375,7.3125,0.0855611,-0.00010449,-0.0699714,25,129,108,1.57375,7.3125
1.63971,7.5972,0.0852495,-0.000104353,-0.0701353,26,129,108,1.63971,7.5972
1.70591,7.8813,0.0849387,-0.000104217,-0.0703,27,129,108,1.70591,7.8813
1.77232,8.1648,0.0846286,-0.000104081,-0.0704654,28,129,108,1.77232,8.1648
1.83897,8.4477,0.0843193,-0.000103945,-0.0706316,29,129,108,1.83897,8.4477
1.90584,8.73,0.0840107,-0.00010381,-0.0707986,30,129,108,1.90584,8.73
1.97294,9.0117,0.0837029,-0.000103674,-0.0709664,31,129,108,1.97294,9.0117
2.04026,9.2928,0.0833959,-0.000103539,-0.071135,32,129,108,2.04026,9.2928
2.10781,9.5733,0.0830896,-0.000103405,-0.0713044,33,129,108,2.10781,9.5733
2.17558,9.8532,0.0827841,-0.00010327,-0.0714746,34,129,108,2.17558,9.8532
2.24357,10.1325,0.0824793,-0.000103136,-0.0716455,35,129,108,2.24357,10.1325
2.31179,10.4112,0.0821753,-0.000103003,-0.0718173,36,129,108,2.31179,10.4112
2.38023,10.6893,0.081872,-0.000102869,-0.0719899,37,129,108,2.38023,10.6893
2.44889,10.9668,0.0815695,-0.000102736,-0.0721634,38,129,108,2.44889,10.9668
2.51777,11.2437,0.0812678,-0.000102603,-0.0723376,39,129,108,2.51777,11.2437
2.58688,11.52,0.0809667,-0.00010247,-0.0725127,40,129,108,2.58688,11.52
2.65621,11.7957,0.0806665,-0.000102338,-0.0726886,41,129,108,2.65621,11.7957
2.72575,12.0708,0.080367,-0.000102206,-0.0728653,42,129,108,2.72575,12.0708
2.79552,12.3453,0.0800682,-0.000102074,-0.0730429,43,129,108,2.79552,12.3453
2.86551,12.6192,0.0797702,-0.000101943,-0.0732214,44,129,108,2.86551,12.6192
2.93571,12.8925,0.0794729,-0.000101812,-0.0734007,45,129,108,2.93571,12.8925
3.00613,13.1652,0.0791764,-0.000101681,-0.0735809,46,129,108,3.00613,13.1652
3.07677,13.4373,0.0788807,-0.00010155,-0.0737619,47,129,108,3.07677,13.4373
3.14763,13.7088,0.0785856,-0.00010142,-0.0739438,48,129,108,3.14763,13.7088
3.21871,13.9797,0.0782914,-0.00010129,-0.0741265,49,129,108,3.21871,13.9797
3.29,14.25,0.0779978,-0.00010116,-0.0743102,50,129,108,3.29,14.25
3.36151,14.5197,0.0777051,-0.00010103,-0.0744947,51,129,108,3.36151,14.5197
3.43323,14.7888,0.077413,-0.000100901,-0.0746802,52,129,108,3.43323,14.7888
3.50517,15.0573,0.0771217,-0.000100772,-0.0748665,53,129,108,3.50517,15.0573
3.57732,15.3252,0.0768312,-0.000100644,-0.0750537,54,129,108,3.57732,15.3252
3.64969,15.5925,0.0765414,-0.000100516,-0.0752418,55,129,108,3.64969,15.5925
3.72227,15.8592,0.0762523,-0.000100388,-0.0754309,56,129,108,3.72227,15.8592
3.79506,16.1253,0.075964,-0.00010026,-0.0756209,57,129,108,3.79506,16.1253
3.86807,16.3908,0.0756764,-0.000100132,-0.0758117,58,129,108,3.86807,16.3908
3.94129,16.6557,0.0753895,-0.000100005,-0.0760036,59,129,108,3.94129,16.6557
4.01472,16.92,0.0751034,-9.98784e-05,-0.0761963,60,129,108,4.01472,16.92
4.08836,17.1837,0.0748181,-9.97518e-05,-0.07639,61,129,108,4.08836,17.1837
4.16221,17.4468,0.0745334,-9.96255e-05,-0.0765846,62,129,108,4.16221,17.4468
4.23628,17.7093,0.0742495,-9.94995e-05,-0.0767802,63,129,108,4.23628,17.7093
4.31055,17.9712,0.0739664,-9.93738e-05,-0.0769768,64,129,108,4.31055,17.9712
4.38503,18.2325,0.073684,-9.92484e-05,-0.0771743,65,129,108,4.38503,18.2325
4.45972,18.4932,0.0734023,-9.91232e-05,-0.0773728,66,129,108,4.45972,18.4932
4.53462,18.7533,0.0731213,-9.89984e-05,-0.0775722,67,129,108,4.53462,18.7533
4.60973,19.0128,0.0728411,-9.88738e-05,-0.0777727,68,129,108,4.60973,19.0128
4.68504,19.2717,0.0725616,-9.87495e-05,-0.0779741,69,129,108,4.68504,19.2717
4.76056,19.53,0.0722829,-9.86256e-05,-0.0781765,70,129,108,4.76056,19.53
4.83629,19.7877,0.0720049,-9.85019e-05,-0.0783799,71,129,108,4.83629,19.7877
4.91222,20.0448,0.0717276,-9.83784e-05,-0.0785844,72,129,108,4.91222,20.0448
4.98836,20.3013,0.071451,-9.82553e-05,-0.0787898,73,129,108,4.98836,20.3013
5.0647,20.5572,0.0711752,-9.81325e-05,-0.0789963,74,129,108,5.0647,20.5572
5.14125,20.8125,0.0709001,-9.801e-05,-0.0792037,75,129,108,5.14125,20.8125
5.218,21.0672,0.0706257,-9.78877e-05,-0.0794122,76,129,108,5.218,21.0672
5.29496,21.3213,0.0703521,-9.77657e-05,-0.0796218,77,129,108,5.29496,21.3213
5.37212,21.5748,0.0700792,-9.7644e-05,-0.0798324,78,129,108,5.37212,21.5748
5.44948,21.8277,0.069807,-9.75227e-05,-0.080044,79,129,108,5.44948,21.8277
5.52704,22.08,0.0695356,-9.74016e-05,-0.0802567,80,129,108,5.52704,22.08
5.6048,22.3317,0.0692649,-9.72807e-05,-0.0804704,81,129,108,5.6048,22.3317
5.68277,22.5828,0.0689949,-9.71602e-05,-0.0806852,82,129,108,5.68277,22.5828
5.76094,22.8333,0.0687256,-9.704e-05,-0.0809011,83,129,108,5.76094,22.8333
5.8393,23.0832,0.068457,-9.692e-05,-0.0811181,84,129,108,5.8393,23.0832
5.91787,23.3325,0.0681892,-9.68004e-05,-0.0813361,85,129,108,5.91787,23.3325
5.99664,23.5812,0.0679221,-9.6681e-05,-0.0815553,86,129,108,5.99664,23.5812
6.0756,23.8293,0.0676558,-9.65619e-05,-0.0817755,87,129,108,6.0756,23.8293
6.15476,24.0768,0.0673901,-9.64431e-05,-0.0819969,88,129,108,6.15476,24.0768
6.23412,24.3237,0.0671252,-9.63246e-05,-0.0822193,89,129,108,6.23412,24.3237
6.31368,24.57,0.066861,-9.62064e-05,-0.0824429,90,129,108,6.31368,24.57
6.39343,24.8157,0.0665975,-9.60884e-05,-0.0826676,91,129,108,6.39343,24.8157
6.47338,25.0608,0.0663347,-9.59708e-05,-0.0828935,92,129,108,6.47338,25.0608
6.55353,25.3053,0.0660727,-9.58534e-05,-0.0831205,93,129,108,6.55353,25.3053
6.63387,25.5492,0.0658113,-9.57363e-05,-0.0833486,94,129,108,6.63387,25.5492
6.71441,25.7925,0.0655507,-9.56196e-05,-0.0835779,95,129,108,6.71441,25.7925
6.79514,26.0352,0.0652908,-9.55031e-05,-0.0838084,96,129,108,6.79514,26.0352
6.87607,26.2773,0.0650317,-9.53868e-05,-0.08404,97,129,108,6.87607,26.2773
6.95718,26.5188,0.0647732,-9.52709e-05,-0.0842728,98,129,108,6.95718,26.5188
7.0385,26.7597,0.0645155,-9.51553e-05,-0.0845068,99,129,108,7.0385,26.7597
7.12,27,0.0642584,-9.504e-05,-0.0847419,100,129,108,7.12,27
7.2017,27.2397,0.0640021,-9.49249e-05,-0.0849783,101,129,108,7.2017,27.2397
7.28358,27.4788,0.0637465,-9.48101e-05,-0.0852159,102,129,108,7.28358,27.4788
7.36566,27.7173,0.0634917,-9.46956e-05,-0.0854546,103,129,108,7.36566,27.7173
7.44793,27.9552,0.0632375,-9.45815e-05,-0.0856946,104,129,108,7.44793,27.9552
7.53039,28.1925,0.0629841,-9.44676e-05,-0.0859359,105,129,108,7.53039,28.1925
7.61304,28.4292,0.0627313,-9.43539e-05,-0.0861783,106,129,108,7.61304,28.4292
7.69588,28.6653,0.0624793,-9.42406e-05,-0.086422,107,129,108,7.69588,28.6653
7.7789,28.9008,0.062228,-9.41276e-05,-0.086667,108,129,108,7.7789,28.9008
7.86212,29.1357,0.0619774,-9.40148e-05,-0.0869132,109,129,108,7.86212,29.1357
7.94552,29.37,0.0617275,-9.39024e-05,-0.0871606,110,129,108,7.94552,29.37
8.02911,29.6037,0.0614783,-9.37902e-05,-0.0874094,111,129,108,8.02911,29.6037
8.11289,29.8368,0.0612298,-9.36783e-05,-0.0876594,112,129,108,8.11289,29.8368
8.19685,30.0693,0.060982,-9.35667e-05,-0.0879107,113,129,108,8.19685,30.0693
8.281,30.3012,0.060735,-9.34554e-05,-0.0881633,114,129,108,8.281,30.3012
8.36533,30.5325,0.0604886,-9.33444e-05,-0.0884172,115,129,108,8.36533,30.5325
8.44985,30.7632,0.060243,-9.32336e-05,-0.0886724,116,129,108,8.44985,30.7632
8.53455,30.9933,0.0599981,-9.31232e-05,-0.0889289,117,129,108,8.53455,30.9933
8.61944,31.2228,0.0597538,-9.3013e-05,-0.0891867,118,129,108,8.61944,31.2228
8.70451,31.4517,0.0595103,-9.29031e-05,-0.0894459,119,129,108,8.70451,31.4517
8.78976,31.68,0.0592675,-9.27936e-05,-0.0897064,120,129,108,8.78976,31.68
8.8752,31.9077,0.0590254,-9.26843e-05,-0.0899683,121,129,108,8.8752,31.9077
8.96081,32.1348,0.058784,-9.25752e-05,-0.0902315,122,129,108,8.96081,32.1348
9.04661,32.3613,0.0585433,-9.24665e-05,-0.0904961,123,129,108,9.04661,32.3613
9.13259,32.5872,0.0583033,-9.23581e-05,-0.0907621,124,129,108,9.13259,32.5872
9.21875,32.8125,0.058064,-9.225e-05,-0.0910294,125,129,108,9.21875,32.8125
9.30509,33.0372,0.0578254,-9.21421e-05,-0.0912982,126,129,108,9.30509,33.0372
9.39161,33.2613,0.0575875,-9.20345e-05,-0.0915683,127,129,108,9.39161,33.2613
9.47831,33.4848,0.0573503,-9.19272e-05,-0.0918398,128,129,108,9.47831,33.4848
9.56518,33.7077,0.0571138,-9.18203e-05,-0.0921128,129,129,108,9.56518,33.7077
9.65224,33.93,0.056878,-9.17136e-05,-0.0923872,130,129,108,9.65224,33.93
9.73947,34.1517,0.0566429,-9.16071e-05,-0.092663,131,129,108,9.73947,34.1517
9.82688,34.3728,0.0564085,-9.1501e-05,-0.0929402,132,129,108,9.82688,34.3728
9.91447,34.5933,0.0561748,-9.13952e-05,-0.0932189,133,129,108,9.91447,34.5933
10.0022,34.8132,0.0559418,-9.12896e-05,-0.0934991,134,129,108,10.0022,34.8132
10.0902,35.0325,0.0557095,-9.11844e-05,-0.0937807,135,129,108,10.0902,35.0325
10.1783,35.2512,0.0554779,-9.10794e-05,-0.0940638,136,129,108,10.1783,35.2512
10.2666,35.4693,0.0552469,-9.09747e-05,-0.0943484,137,129,108,10.2666,35.4693
10.355,35.6868,0.0550167,-9.08703e-05,-0.0946345,138,129,108,10.355,35.6868
10.4437,35.9037,0.0547872,-9.07662e-05,-0.094922,139,129,108,10.4437,35.9037
10.5325,36.12,0.0545584,-9.06624e-05,-0.0952111,140,129,108,10.5325,36.12
10.6215,36.3357,0.0543303,-9.05588e-05,-0.0955017,141,129,108,10.6215,36.3357
10.7106,36.5508,0.0541028,-9.04556e-05,-0.0957939,142,129,108,10.7106,36.5508
10.7999,36.7653,0.0538761,-9.03526e-05,-0.0960875,143,129,108,10.7999,36.7653
10.8894,36.9792,0.05365,-9.02499e-05,-0.0963827,144,129,108,10.8894,36.9792
10.9791,37.1925,0.0534247,-9.01476e-05,-0.0966795,145,129,108,10.9791,37.1925
11.0689,37.4052,0.0532,-9.00455e-05,-0.0969778,146,129,108,11.0689,37.4052
11.159,37.6173,0.052976,-8.99436e-05,-0.0972777,147,129,108,11.159,37.6173
11.2491,37.8288,0.0527527,-8.98421e-05,-0.0975792,148,129,108,11.2491,37.8288
11.3395,38.0397,0.0525302,-8.97409e-05,-0.0978823,149,129,108,11.3395,38.0397
11.43,38.25,0.0523082,-8.964e-05,-0.0981869,150,129,108,11.43,38.25
11.5207,38.4597,0.052087,-8.95393e-05,-0.0984932,151,129,108,11.5207,38.4597
11.6115,38.6688,0.0518665,-8.94389e-05,-0.0988011,152,129,108,11.6115,38.6688
11.7026,38.8773,0.0516467,-8.93388e-05,-0.0991106,153,129,108,11.7026,38.8773
11.7937,39.0852,0.0514275,-8.92391e-05,-0.0994218,154,129,108,11.7937,39.0852
11.8851,39.2925,0.0512091,-8.91396e-05,-0.0997346,155,129,108,11.8851,39.2925
11.9766,39.4992,0.0509913,-8.90403e-05,-0.100049,156,129,108,11.9766,39.4992
12.0683,39.7053,0.0507742,-8.89414e-05,-0.100365,157,129,108,12.0683,39.7053
12.1601,39.9108,0.0505578,-8.88428e-05,-0.100683,158,129,108,12.1601,39.9108
12.2521,40.1157,0.0503421,-8.87444e-05,-0.101002,159,129,108,12.2521,40.1157
12.3443,40.32,0.0501271,-8.86464e-05,-0.101324,160,129,108,12.3443,40.32
12.4367,40.5237,0.0499127,-8.85486e-05,-0.101647,161,129,108,12.4367,40.5237
12.5292,40.7268,0.0496991,-8.84511e-05,-0.101971,162,129,108,12.5292,40.7268
12.6218,40.9293,0.0494861,-8.83539e-05,-0.102297,163,129,108,12.6218,40.9293
12.7146,41.1312,0.0492738,-8.8257e-05,-0.102626,164,129,108,12.7146,41.1312
12.8076,41.3325,0.0490622,-8.81604e-05,-0.102955,165,129,108,12.8076,41.3325
12.9008,41.5332,0.0488512,-8.8064e-05,-0.103287,166,129,108,12.9008,41.5332
12.9941,41.7333,0.048641,-8.7968e-05,-0.10362,167,129,108,12.9941,41.7333
13.0875,41.9328,0.0484314,-8.78722e-05,-0.103955,168,129,108,13.0875,41.9328
13.1812,42.1317,0.0482225,-8.77767e-05,-0.104292,169,129,108,13.1812,42.1317
13.275,42.33,0.0480143,-8.76816e-05,-0.104631,170,129,108,13.275,42.33
13.3689,42.5277,0.0478068,-8.75867e-05,-0.104971,171,129,108,13.3689,42.5277
13.463,42.7248,0.0476,-8.7492e-05,-0.105313,172,129,108,13.463,42.7248
13.5573,42.9213,0.0473938,-8.73977e-05,-0.105658,173,129,108,13.5573,42.9213
13.6517,43.1172,0.0471883,-8.73037e-05,-0.106004,174,129,108,13.6517,43.1172
13.7462,43.3125,0.0469835,-8.721e-05,-0.106351,175,129,108,13.7462,43.3125
13.841,43.5072,0.0467794,-8.71165e-05,-0.106701,176,129,108,13.841,43.5072
13.9359,43.7013,0.0465759,-8.70233e-05,-0.107052,177,129,108,13.9359,43.7013
14.0309,43.8948,0.0463732,-8.69304e-05,-0.107406,178,129,108,14.0309,43.8948
14.1261,44.0877,0.0461711,-8.68379e-05,-0.107761,179,129,108,14.1261,44.0877
14.2214,44.28,0.0459696,-8.67456e-05,-0.108118,180,129,108,14.2214,44.28
14.3169,44.4717,0.0457689,-8.66535e-05,-0.108477,181,129,108,14.3169,44.4717
14.4126,44.6628,0.0455688,-8.65618e-05,-0.108838,182,129,108,14.4126,44.6628
14.5084,44.8533,0.0453694,-8.64704e-05,-0.109201,183,129,108,14.5084,44.8533
14.6044,45.0432,0.0451707,-8.63792e-05,-0.109566,184,129,108,14.6044,45.0432
14.7005,45.2325,0.0449726,-8.62884e-05,-0.109932,185,129,108,14.7005,45.2325
14.7967,45.4212,0.0447753,-8.61978e-05,-0.110301,186,129,108,14.7967,45.4212
14.8931,45.6093,0.0445786,-8.61075e-05,-0.110672,187,129,108,14.8931,45.6093
14.9897,45.7968,0.0443825,-8.60175e-05,-0.111044,188,129,108,14.9897,45.7968
15.0864,45.9837,0.0441872,-8.59278e-05,-0.111419,189,129,108,15.0864,45.9837
15.1833,46.17,0.0439925,-8.58384e-05,-0.111796,190,129,108,15.1833,46.17
15.2803,46.3557,0.0437985,-8.57492e-05,-0.112174,191,129,108,15.2803,46.3557
15.3774,46.5408,0.0436051,-8.56604e-05,-0.112555,192,129,108,15.3774,46.5408
15.4748,46.7253,0.0434124,-8.55718e-05,-0.112938,193,129,108,15.4748,46.7253
15.5722,46.9092,0.0432204,-8.54835e-05,-0.113322,194,129,108,15.5722,46.9092
15.6698,47.0925,0.0430291,-8.53956e-05,-0.113709,195,129,108,15.6698,47.0925
15.7676,47.2752,0.0428384,-8.53079e-05,-0.114098,196,129,108,15.7676,47.2752
15.8655,47.4573,0.0426484,-8.52204e-05,-0.114489,197,129,108,15.8655,47.4573
15.9635,47.6388,0.0424591,-8.51333e-05,-0.114882,198,129,108,15.9635,47.6388
16.0617,47.8197,0.0422704,-8.50465e-05,-0.115277,199,129,108,16.0617,47.8197
16.16,48,0.0420824,-8.496e-05,-0.115674,200,129,108,16.16,48
16.2585,48.1797,0.0418951,-8.48737e-05,-0.116073,201,129,108,16.2585,48.1797
16.3571,48.3588,0.0417085,-8.47877e-05,-0.116475,202,129,108,16.3571,48.3588
16.4558,48.5373,0.0415225,-8.4702e-05,-0.116878,203,129,108,16.4558,48.5373
16.5547,48.7152,0.0413371,-8.46167e-05,-0.117284,204,129,108,16.5547,48.7152
16.6538,48.8925,0.0411525,-8.45316e-05,-0.117691,205,129,108,16.6538,48.8925
16.753,49.0692,0.0409685,-8.44467e-05,-0.118101,206,129,108,16.753,49.0692
16.8523,49.2453,0.0407851,-8.43622e-05,-0.118514,207,129,108,16.8523,49.2453
16.9518,49.4208,0.0406025,-8.4278e-05,-0.118928,208,129,108,16.9518,49.4208
17.0514,49.5957,0.0404205,-8.4194e-05,-0.119344,209,129,108,17.0514,49.5957
17.1511,49.77,0.0402391,-8.41104e-05,-0.119763,210,129,108,17.1511,49.77
17.251,49.9437,0.0400584,-8.4027e-05,-0.120184,211,129,108,17.251,49.9437
17.351,50.1168,0.0398784,-8.39439e-05,-0.120607,212,129,108,17.351,50.1168
17.4512,50.2893,0.0396991,-8.38611e-05,-0.121033,213,129,108,17.4512,50.2893
17.5515,50.4612,0.0395204,-8.37786e-05,-0.12146,214,129,108,17.5515,50.4612
17.6519,50.6325,0.0393423,-8.36964e-05,-0.12189,215,129,108,17.6519,50.6325
17.7525,50.8032,0.039165,-8.36144e-05,-0.122322,216,129,108,17.7525,50.8032
17.8532,50.9733,0.0389883,-8.35328e-05,-0.122757,217,129,108,17.8532,50.9733
17.9541,51.1428,0.0388122,-8.34514e-05,-0.123193,218,129,108,17.9541,51.1428
18.055,51.3117,0.0386368,-8.33703e-05,-0.123632,219,129,108,18.055,51.3117
18.1562,51.48,0.0384621,-8.32896e-05,-0.124074,220,129,108,18.1562,51.48
18.2574,51.6477,0.038288,-8.32091e-05,-0.124517,221,129,108,18.2574,51.6477
18.3588,51.8148,0.0381146,-8.31288e-05,-0.124963,222,129,108,18.3588,51.8148
18.4603,51.9813,0.0379418,-8.30489e-05,-0.125412,223,129,108,18.4603,51.9813
18.562,52.1472,0.0377698,-8.29693e-05,-0.125862,224,129,108,18.562,52.1472
18.6638,52.3125,0.0375983,-8.289e-05,-0.126315,225,129,108,18.6638,52.3125
18.7657,52.4772,0.0374275,-8.28109e-05,-0.126771,226,129,108,18.7657,52.4772
18.8677,52.6413,0.0372574,-8.27321e-05,-0.127228,227,129,108,18.8677,52.6413
18.9699,52.8048,0.0370879,-8.26536e-05,-0.127688,228,129,108,18.9699,52.8048
19.0722,52.9677,0.0369191,-8.25755e-05,-0.128151,229,129,108,19.0722,52.9677
19.1746,53.13,0.036751,-8.24976e-05,-0.128616,230,129,108,19.1746,53.13
19.2772,53.2917,0.0365835,-8.24199e-05,-0.129083,231,129,108,19.2772,53.2917
19.3799,53.4528,0.0364166,-8.23426e-05,-0.129553,232,129,108,19.3799,53.4528
19.4827,53.6133,0.0362504,-8.22656e-05,-0.130025,233,129,108,19.4827,53.6133
19.5857,53.7732,0.0360849,-8.21888e-05,-0.1305,234,129,108,19.5857,53.7732
19.6888,53.9325,0.03592,-8.21124e-05,-0.130977,235,129,108,19.6888,53.9325
19.792,54.0912,0.0357558,-8.20362e-05,-0.131456,236,129,108,19.792,54.0912
19.8953,54.2493,0.0355922,-8.19603e-05,-0.131938,237,129,108,19.8953,54.2493
19.9988,54.4068,0.0354292,-8.18847e-05,-0.132423,238,129,108,19.9988,54.4068
20.1024,54.5637,0.035267,-8.18094e-05,-0.13291,239,129,108,20.1024,54.5637
20.2061,54.72,0.0351053,-8.17344e-05,-0.133399,240,129,108,20.2061,54.72
20.3099,54.8757,0.0349444,-8.16596e-05,-0.133891,241,129,108,20.3099,54.8757
20.4139,55.0308,0.0347841,-8.15852e-05,-0.134386,242,129,108,20.4139,55.0308
20.518,55.1853,0.0346244,-8.1511e-05,-0.134883,243,129,108,20.518,55.1853
20.6222,55.3392,0.0344654,-8.14371e-05,-0.135382,244,129,108,20.6222,55.3392
20.7265,55.4925,0.034307,-8.13636e-05,-0.135884,245,129,108,20.7265,55.4925
20.831,55.6452,0.0341493,-8.12903e-05,-0.136389,246,129,108,20.831,55.6452
20.9355,55.7973,0.0339922,-8.12172e-05,-0.136896,247,129,108,20.9355,55.7973
21.0402,55.9488,0.0338358,-8.11445e-05,-0.137406,248,129,108,21.0402,55.9488
21.1451,56.0997,0.03368,-8.10721e-05,-0.137918,249,129,108,21.1451,56.0997
21.25,56.25,0.0335249,-8.1e-05,-0.138433,250,129,108,21.25,56.25
21.3551,56.3997,0.0333704,-8.09281e-05,-0.13895,251,129,108,21.3551,56.3997
21.4602,56.5488,0.0332166,-8.08565e-05,-0.13947,252,129,108,21.4602,56.5488
21.5655,56.6973,0.0330634,-8.07852e-05,-0.139993,253,129,108,21.5655,56.6973
21.671,56.8452,0.0329109,-8.07143e-05,-0.140518,254,129,108,21.671,56.8452
21.7765,56.9925,0.032759,-8.06436e-05,-0.141046,255,129,108,21.7765,56.9925
21.8821,57.1392,0.0326077,-8.05731e-05,-0.141577,256,129,108,21.8821,57.1392
21.9879,57.2853,0.0324571,-8.0503e-05,-0.14211,257,129,108,21.9879,57.2853
22.0938,57.4308,0.0323072,-8.04332e-05,-0.142645,258,129,108,22.0938,57.4308
22.1998,57.5757,0.0321579,-8.03636e-05,-0.143184,259,129,108,22.1998,57.5757
22.3059,57.72,0.0320092,-8.02944e-05,-0.143725,260,129,108,22.3059,57.72
22.4122,57.8637,0.0318612,-8.02254e-05,-0.144268,261,129,108,22.4122,57.8637
22.5185,58.0068,0.0317138,-8.01567e-05,-0.144815,262,129,108,22.5185,58.0068
22.625,58.1493,0.0315671,-8.00883e-05,-0.145364,263,129,108,22.625,58.1493
22.7315,58.2912,0.031421,-8.00202e-05,-0.145915,264,129,108,22.7315,58.2912
22.8382,58.4325,0.0312756,-7.99524e-05,-0.14647,265,129,108,22.8382,58.4325
22.945,58.5732,0.0311308,-7.98848e-05,-0.147026,266,129,108,22.945,58.5732
23.0519,58.7133,0.0309866,-7.98176e-05,-0.147586,267,129,108,23.0519,58.7133
23.159,58.8528,0.0308431,-7.97506e-05,-0.148148,268,129,108,23.159,58.8528
23.2661,58.9917,0.0307003,-7.96839e-05,-0.148713,269,129,108,23.2661,58.9917
23.3734,59.13,0.030558,-7.96176e-05,-0.149281,270,129,108,23.3734,59.13
23.4807,59.2677,0.0304165,-7.95515e-05,-0.149852,271,129,108,23.4807,59.2677
23.5882,59.4048,0.0302755,-7.94856e-05,-0.150425,272,129,108,23.5882,59.4048
23.6958,59.5413,0.0301352,-7.94201e-05,-0.151,273,129,108,23.6958,59.5413
23.8035,59.6772,0.0299955,-7.93549e-05,-0.151579,274,129,108,23.8035,59.6772
23.9113,59.8125,0.0298565,-7.929e-05,-0.15216,275,129,108,23.9113,59.8125
24.0192,59.9472,0.0297181,-7.92253e-05,-0.152744,276,129,108,24.0192,59.9472
24.1272,60.0813,0.0295804,-7.91609e-05,-0.153331,277,129,108,24.1272,60.0813
24.2353,60.2148,0.0294433,-7.90968e-05,-0.15392,278,129,108,24.2353,60.2148
24.3435,60.3477,0.0293068,-7.90331e-05,-0.154512,279,129,108,24.3435,60.3477
24.4518,60.48,0.029171,-7.89696e-05,-0.155107,280,129,108,24.4518,60.48
24.5603,60.6117,0.0290358,-7.89063e-05,-0.155704,281,129,108,24.5603,60.6117
24.6688,60.7428,0.0289012,-7.88434e-05,-0.156304,282,129,108,24.6688,60.7428
24.7775,60.8733,0.0287673,-7.87808e-05,-0.156907,283,129,108,24.7775,60.8733
24.8862,61.0032,0.028634,-7.87184e-05,-0.157513,284,129,108,24.8862,61.0032
24.9951,61.1325,0.0285014,-7.86564e-05,-0.158121,285,129,108,24.9951,61.1325
25.104,61.2612,0.0283694,-7.85946e-05,-0.158732,286,129,108,25.104,61.2612
25.2131,61.3893,0.028238,-7.85331e-05,-0.159345,287,129,108,25.2131,61.3893
25.3223,61.5168,0.0281073,-7.84719e-05,-0.159962,288,129,108,25.3223,61.5168
25.4315,61.6437,0.0279772,-7.8411e-05,-0.160581,289,129,108,25.4315,61.6437
25.5409,61.77,0.0278478,-7.83504e-05,-0.161203,290,129,108,25.5409,61.77
25.6503,61.8957,0.0277189,-7.829e-05,-0.161827,291,129,108,25.6503,61.8957
25.7599,62.0208,0.0275907,-7.823e-05,-0.162454,292,129,108,25.7599,62.0208
25.8696,62.1453,0.0274632,-7.81702e-05,-0.163084,293,129,108,25.8696,62.1453
25.9793,62.2692,0.0273363,-7.81107e-05,-0.163717,294,129,108,25.9793,62.2692
26.0892,62.3925,0.02721,-7.80516e-05,-0.164352,295,129,108,26.0892,62.3925
26.1992,62.5152,0.0270843,-7.79927e-05,-0.16499,296,129,108,26.1992,62.5152
26.3092,62.6373,0.0269593,-7.7934e-05,-0.16563,297,129,108,26.3092,62.6373
26.4194,62.7588,0.0268349,-7.78757e-05,-0.166274,298,129,108,26.4194,62.7588
26.5296,62.8797,0.0267112,-7.78177e-05,-0.166919,299,129,108,26.5296,62.8797
26.64,63,0.0265881,-7.776e-05,-0.167568,300,129,108,26.64,63
26.7504,63.1197,0.0264656,-7.77025e-05,-0.168219,301,129,108,26.7504,63.1197
26.861,63.2388,0.0263437,-7.76453e-05,-0.168873,302,129,108,26.861,63.2388
26.9716,63.3573,0.0262225,-7.75884e-05,-0.169529,303,129,108,26.9716,63.3573
27.0824,63.4752,0.0261019,-7.75319e-05,-0.170188,304,129,108,27.0824,63.4752
27.1932,63.5925,0.0259819,-7.74756e-05,-0.17085,305,129,108,27.1932,63.5925
27.3041,63.7092,0.0258626,-7.74195e-05,-0.171514,306,129,108,27.3041,63.7092
27.4151,63.8253,0.0257439,-7.73638e-05,-0.172181,307,129,108,27.4151,63.8253
27.5262,63.9408,0.0256258,-7.73084e-05,-0.17285,308,129,108,27.5262,63.9408
27.6374,64.0557,0.0255084,-7.72532e-05,-0.173522,309,129,108,27.6374,64.0557
27.7487,64.17,0.0253916,-7.71984e-05,-0.174196,310,129,108,27.7487,64.17
27.8601,64.2837,0.0252754,-7.71438e-05,-0.174873,311,129,108,27.8601,64.2837
27.9716,64.3968,0.0251599,-7.70895e-05,-0.175553,312,129,108,27.9716,64.3968
28.0831,64.5093,0.025045,-7.70355e-05,-0.176235,313,129,108,28.0831,64.5093
28.1948,64.6212,0.0249307,-7.69818e-05,-0.176919,314,129,108,28.1948,64.6212
28.3065,64.7325,0.024817,-7.69284e-05,-0.177606,315,129,108,28.3065,64.7325
28.4184,64.8432,0.024704,-7.68752e-05,-0.178296,316,129,108,28.4184,64.8432
28.5303,64.9533,0.0245916,-7.68224e-05,-0.178988,317,129,108,28.5303,64.9533
28.6423,65.0628,0.0244798,-7.67698e-05,-0.179682,318,129,108,28.6423,65.0628
28.7544,65.1717,0.0243686,-7.67175e-05,-0.180378,319,129,108,28.7544,65.1717
28.8666,65.28,0.0242581,-7.66656e-05,-0.181077,320,129,108,28.8666,65.28
28.9788,65.3877,0.0241482,-7.66139e-05,-0.181779,321,129,108,28.9788,65.3877
29.0912,65.4948,0.024039,-7.65624e-05,-0.182483,322,129,108,29.0912,65.4948
29.2036,65.6013,0.0239303,-7.65113e-05,-0.183189,323,129,108,29.2036,65.6013
29.3161,65.7072,0.0238223,-7.64605e-05,-0.183897,324,129,108,29.3161,65.7072
29.4288,65.8125,0.0237149,-7.641e-05,-0.184608,325,129,108,29.4288,65.8125
29.5414,65.9172,0.0236082,-7.63597e-05,-0.18532,326,129,108,29.5414,65.9172
29.6542,66.0213,0.023502,-7.63097e-05,-0.186036,327,129,108,29.6542,66.0213
29.7671,66.1248,0.0233965,-7.626e-05,-0.186753,328,129,108,29.7671,66.1248
29.88,66.2277,0.0232916,-7.62107e-05,-0.187472,329,129,108,29.88,66.2277
29.993,66.33,0.0231874,-7.61616e-05,-0.188194,330,129,108,29.993,66.33
30.1061,66.4317,0.0230837,-7.61127e-05,-0.188918,331,129,108,30.1061,66.4317
30.2193,66.5328,0.0229807,-7.60642e-05,-0.189643,332,129,108,30.2193,66.5328
30.3326,66.6333,0.0228783,-7.6016e-05,-0.190371,333,129,108,30.3326,66.6333
30.4459,66.7332,0.0227766,-7.5968e-05,-0.191101,334,129,108,30.4459,66.7332
30.5594,66.8325,0.0226754,-7.59204e-05,-0.191833,335,129,108,30.5594,66.8325
30.6729,66.9312,0.0225749,-7.5873e-05,-0.192567,336,129,108,30.6729,66.9312
30.7865,67.0293,0.022475,-7.58259e-05,-0.193303,337,129,108,30.7865,67.0293
30.9001,67.1268,0.0223757,-7.57791e-05,-0.194041,338,129,108,30.9001,67.1268
31.0139,67.2237,0.0222771,-7.57326e-05,-0.19478,339,129,108,31.0139,67.2237
31.1277,67.32,0.0221791,-7.56864e-05,-0.195522,340,129,108,31.1277,67.32
31.2416,67.4157,0.0220817,-7.56404e-05,-0.196265,341,129,108,31.2416,67.4157
31.3555,67.5108,0.0219849,-7.55948e-05,-0.19701,342,129,108,31.3555,67.5108
31.4696,67.6053,0.0218887,-7.55494e-05,-0.197757,343,129,108,31.4696,67.6053
31.5837,67.6992,0.0217932,-7.55043e-05,-0.198505,344,129,108,31.5837,67.6992
31.6979,67.7925,0.0216983,-7.54596e-05,-0.199255,345,129,108,31.6979,67.7925
31.8122,67.8852,0.021604,-7.54151e-05,-0.200007,346,129,108,31.8122,67.8852
31.9265,67.9773,0.0215103,-7.53708e-05,-0.20076,347,129,108,31.9265,67.9773
32.0409,68.0688,0.0214173,-7.53269e-05,-0.201515,348,129,108,32.0409,68.0688
32.1554,68.1597,0.0213249,-7.52833e-05,-0.202271,349,129,108,32.1554,68.1597
32.27,68.25,0.0212331,-7.524e-05,-0.203028,350,129,108,32.27,68.25
32.3846,68.3397,0.0211419,-7.51969e-05,-0.203787,351,129,108,32.3846,68.3397
32.4993,68.4288,0.0210513,-7.51541e-05,-0.204548,352,129,108,32.4993,68.4288
32.6141,68.5173,0.0209613,-7.51116e-05,-0.205309,353,129,108,32.6141,68.5173
32.729,68.6052,0.020872,-7.50695e-05,-0.206072,354,129,108,32.729,68.6052
32.8439,68.6925,0.0207833,-7.50276e-05,-0.206836,355,129,108,32.8439,68.6925
32.9589,68.7792,0.0206952,-7.49859e-05,-0.207601,356,129,108,32.9589,68.7792
33.0739,68.8653,0.0206078,-7.49446e-05,-0.208368,357,129,108,33.0739,68.8653
33.1891,68.9508,0.0205209,-7.49036e-05,-0.209135,358,129,108,33.1891,68.9508
33.3043,69.0357,0.0204347,-7.48628e-05,-0.209903,359,129,108,33.3043,69.0357
33.4195,69.12,0.0203491,-7.48224e-05,-0.210672,360,129,108,33.4195,69.12
33.5348,69.2037,0.0202641,-7.47822e-05,-0.211442,361,129,108,33.5348,69.2037
33.6502,69.2868,0.0201797,-7.47423e-05,-0.212213,362,129,108,33.6502,69.2868
33.7657,69.3693,0.0200959,-7.47027e-05,-0.212985,363,129,108,33.7657,69.3693
33.8812,69.4512,0.0200128,-7.46634e-05,-0.213757,364,129,108,33.8812,69.4512
33.9968,69.5325,0.0199303,-7.46244e-05,-0.21453,365,129,108,33.9968,69.5325
34.1125,69.6132,0.0198484,-7.45856e-05,-0.215304,366,129,108,34.1125,69.6132
34.2282,69.6933,0.0197671,-7.45472e-05,-0.216077,367,129,108,34.2282,69.6933
34.344,69.7728,0.0196864,-7.4509e-05,-0.216852,368,129,108,34.344,69.7728
34.4598,69.8517,0.0196063,-7.44711e-05,-0.217627,369,129,108,34.4598,69.8517
34.5758,69.93,0.0195269,-7.44336e-05,-0.218402,370,129,108,34.5758,69.93
34.6917,70.0077,0.0194481,-7.43963e-05,-0.219177,371,129,108,34.6917,70.0077
34.8078,70.0848,0.0193699,-7.43592e-05,-0.219952,372,129,108,34.8078,70.0848
34.9239,70.1613,0.0192923,-7.43225e-05,-0.220728,373,129,108,34.9239,70.1613
35.04,70.2372,0.0192153,-7.42861e-05,-0.221503,374,129,108,35.04,70.2372
35.1562,70.3125,0.019139,-7.425e-05,-0.222279,375,129,108,35.1562,70.3125
35.2725,70.3872,0.0190632,-7.42141e-05,-0.223054,376,129,108,35.2725,70.3872
35.3889,70.4613,0.0189881,-7.41785e-05,-0.22383,377,129,108,35.3889,70.4613
35.5053,70.5348,0.0189136,-7.41432e-05,-0.224604,378,129,108,35.5053,70.5348
35.6217,70.6077,0.0188397,-7.41083e-05,-0.225379,379,129,108,35.6217,70.6077
35.7382,70.68,0.0187664,-7.40736e-05,-0.226153,380,129,108,35.7382,70.68
35.8548,70.7517,0.0186937,-7.40391e-05,-0.226927,381,129,108,35.8548,70.7517
35.9714,70.8228,0.0186217,-7.4005e-05,-0.2277,382,129,108,35.9714,70.8228
36.0881,70.8933,0.0185502,-7.39712e-05,-0.228472,383,129,108,36.0881,70.8933
36.2049,70.9632,0.0184794,-7.39376e-05,-0.229244,384,129,108,36.2049,70.9632
36.3217,71.0325,0.0184092,-7.39044e-05,-0.230015,385,129,108,36.3217,71.0325
36.4385,71.1012,0.0183396,-7.38714e-05,-0.230784,386,129,108,36.4385,71.1012
36.5554,71.1693,0.0182706,-7.38387e-05,-0.231553,387,129,108,36.5554,71.1693
36.6724,71.2368,0.0182023,-7.38063e-05,-0.232321,388,129,108,36.6724,71.2368
36.7894,71.3037,0.0181345,-7.37742e-05,-0.233087,389,129,108,36.7894,71.3037
36.9065,71.37,0.0180674,-7.37424e-05,-0.233853,390,129,108,36.9065,71.37
37.0236,71.4357,0.0180008,-7.37108e-05,-0.234617,391,129,108,37.0236,71.4357
37.1408,71.5008,0.0179349,-7.36796e-05,-0.235379,392,129,108,37.1408,71.5008
37.258,71.5653,0.0178696,-7.36486e-05,-0.23614,393,129,108,37.258,71.5653
37.3753,71.6292,0.0178049,-7.36179e-05,-0.236899,394,129,108,37.3753,71.6292
37.4926,71.6925,0.0177409,-7.35876e-05,-0.237657,395,129,108,37.4926,71.6925
37.61,71.7552,0.0176774,-7.35575e-05,-0.238412,396,129,108,37.61,71.7552
37.7274,71.8173,0.0176145,-7.35276e-05,-0.239166,397,129,108,37.7274,71.8173
37.8449,71.8788,0.0175523,-7.34981e-05,-0.239918,398,129,108,37.8449,71.8788
37.9624,71.9397,0.0174907,-7.34689e-05,-0.240667,399,129,108,37.9624,71.9397
38.08,72,0.0174297,-7.344e-05,-0.241415,400,129,108,38.08,72
38.1976,72.0597,0.0173692,-7.34113e-05,-0.24216,401,129,108,38.1976,72.0597
38.3153,72.1188,0.0173095,-7.33829e-05,-0.242902,402,129,108,38.3153,72.1188
38.433,72.1773,0.0172503,-7.33548e-05,-0.243642,403,129,108,38.433,72.1773
38.5508,72.2352,0.0171917,-7.33271e-05,-0.24438,404,129,108,38.5508,72.2352
38.6686,72.2925,0.0171337,-7.32996e-05,-0.245115,405,129,108,38.6686,72.2925
38.7864,72.3492,0.0170764,-7.32723e-05,-0.245846,406,129,108,38.7864,72.3492
38.9043,72.4053,0.0170197,-7.32454e-05,-0.246575,407,129,108,38.9043,72.4053
39.0223,72.4608,0.0169635,-7.32188e-05,-0.247301,408,129,108,39.0223,72.4608
39.1403,72.5157,0.016908,-7.31924e-05,-0.248024,409,129,108,39.1403,72.5157
39.2583,72.57,0.0168531,-7.31664e-05,-0.248743,410,129,108,39.2583,72.57
39.3764,72.6237,0.0167988,-7.31406e-05,-0.249459,411,129,108,39.3764,72.6237
39.4945,72.6768,0.0167451,-7.31151e-05,-0.250172,412,129,108,39.4945,72.6768
39.6127,72.7293,0.0166921,-7.30899e-05,-0.250881,413,129,108,39.6127,72.7293
39.7309,72.7812,0.0166396,-7.3065e-05,-0.251586,414,129,108,39.7309,72.7812
39.8491,72.8325,0.0165877,-7.30404e-05,-0.252287,415,129,108,39.8491,72.8325
39.9674,72.8832,0.0165365,-7.3016e-05,-0.252985,416,129,108,39.9674,72.8832
40.0857,72.9333,0.0164859,-7.2992e-05,-0.253678,417,129,108,40.0857,72.9333
40.2041,72.9828,0.0164358,-7.29682e-05,-0.254368,418,129,108,40.2041,72.9828
40.3225,73.0317,0.0163864,-7.29447e-05,-0.255053,419,129,108,40.3225,73.0317
40.441,73.08,0.0163376,-7.29216e-05,-0.255733,420,129,108,40.441,73.08
40.5594,73.1277,0.0162894,-7.28987e-05,-0.256409,421,129,108,40.5594,73.1277
40.678,73.1748,0.0162418,-7.2876e-05,-0.257081,422,129,108,40.678,73.1748
40.7965,73.2213,0.0161948,-7.28537e-05,-0.257748,423,129,108,40.7965,73.2213
40.9151,73.2672,0.0161485,-7.28317e-05,-0.25841,424,129,108,40.9151,73.2672
41.0337,73.3125,0.0161027,-7.281e-05,-0.259067,425,129,108,41.0337,73.3125
41.1524,73.3572,0.0160576,-7.27885e-05,-0.259718,426,129,108,41.1524,73.3572
41.2711,73.4013,0.016013,-7.27673e-05,-0.260365,427,129,108,41.2711,73.4013
41.3899,73.4448,0.0159691,-7.27464e-05,-0.261007,428,129,108,41.3899,73.4448
41.5086,73.4877,0.0159258,-7.27259e-05,-0.261643,429,129,108,41.5086,73.4877
41.6274,73.53,0.015883,-7.27056e-05,-0.262273,430,129,108,41.6274,73.53
41.7463,73.5717,0.0158409,-7.26855e-05,-0.262898,431,129,108,41.7463,73.5717
41.8652,73.6128,0.0157994,-7.26658e-05,-0.263517,432,129,108,41.8652,73.6128
41.9841,73.6533,0.0157585,-7.26464e-05,-0.26413,433,129,108,41.9841,73.6533
42.103,73.6932,0.0157182,-7.26272e-05,-0.264737,434,129,108,42.103,73.6932
42.222,73.7325,0.0156786,-7.26084e-05,-0.265338,435,129,108,42.222,73.7325
42.341,73.7712,0.0156395,-7.25898e-05,-0.265933,436,129,108,42.341,73.7712
42.46,73.8093,0.015601,-7.25715e-05,-0.266522,437,129,108,42.46,73.8093
42.5791,73.8468,0.0155632,-7.25535e-05,-0.267104,438,129,108,42.5791,73.8468
42.6982,73.8837,0.0155259,-7.25358e-05,-0.267679,439,129,108,42.6982,73.8837
42.8173,73.92,0.0154893,-7.25184e-05,-0.268248,440,129,108,42.8173,73.92
42.9364,73.9557,0.0154532,-7.25012e-05,-0.26881,441,129,108,42.9364,73.9557
43.0556,73.9908,0.0154178,-7.24844e-05,-0.269365,442,129,108,43.0556,73.9908
43.1748,74.0253,0.015383,-7.24678e-05,-0.269913,443,129,108,43.1748,74.0253
43.294,74.0592,0.0153488,-7.24515e-05,-0.270454,444,129,108,43.294,74.0592
43.4133,74.0925,0.0153152,-7.24356e-05,-0.270987,445,129,108,43.4133,74.0925
43.5326,74.1252,0.0152822,-7.24199e-05,-0.271514,446,129,108,43.5326,74.1252
43.6519,74.1573,0.0152498,-7.24044e-05,-0.272033,447,129,108,43.6519,74.1573
43.7712,74.1888,0.015218,-7.23893e-05,-0.272544,448,129,108,43.7712,74.1888
43.8906,74.2197,0.0151868,-7.23745e-05,-0.273047,449,129,108,43.8906,74.2197
44.01,74.25,0.0151563,-7.236e-05,-0.273543,450,129,108,44.01,74.25
44.1294,74.2797,0.0151263,-7.23457e-05,-0.274031,451,129,108,44.1294,74.2797
44.2488,74.3088,0.0150969,-7.23317e-05,-0.274511,452,129,108,44.2488,74.3088
44.3683,74.3373,0.0150682,-7.2318e-05,-0.274983,453,129,108,44.3683,74.3373
44.4878,74.3652,0.01504,-7.23047e-05,-0.275446,454,129,108,44.4878,74.3652
44.6073,74.3925,0.0150125,-7.22916e-05,-0.275902,455,129,108,44.6073,74.3925
44.7268,74.4192,0.0149856,-7.22787e-05,-0.276348,456,129,108,44.7268,74.4192
44.8464,74.4453,0.0149592,-7.22662e-05,-0.276787,457,129,108,44.8464,74.4453
44.9659,74.4708,0.0149335,-7.2254e-05,-0.277217,458,129,108,44.9659,74.4708
45.0855,74.4957,0.0149084,-7.2242e-05,-0.277638,459,129,108,45.0855,74.4957
45.2051,74.52,0.0148839,-7.22304e-05,-0.27805,460,129,108,45.2051,74.52
45.3247,74.5437,0.01486,-7.2219e-05,-0.278453,461,129,108,45.3247,74.5437
45.4444,74.5668,0.0148367,-7.22079e-05,-0.278848,462,129,108,45.4444,74.5668
45.5641,74.5893,0.014814,-7.21971e-05,-0.279233,463,129,108,45.5641,74.5893
45.6837,74.6112,0.0147919,-7.21866e-05,-0.279609,464,129,108,45.6837,74.6112
45.8034,74.6325,0.0147704,-7.21764e-05,-0.279976,465,129,108,45.8034,74.6325
45.9231,74.6532,0.0147495,-7.21664e-05,-0.280334,466,129,108,45.9231,74.6532
46.0429,74.6733,0.0147293,-7.21568e-05,-0.280682,467,129,108,46.0429,74.6733
46.1626,74.6928,0.0147096,-7.21474e-05,-0.281021,468,129,108,46.1626,74.6928
46.2824,74.7117,0.0146906,-7.21383e-05,-0.28135,469,129,108,46.2824,74.7117
46.4022,74.73,0.0146721,-7.21296e-05,-0.28167,470,129,108,46.4022,74.73
46.522,74.7477,0.0146542,-7.21211e-05,-0.28198,471,129,108,46.522,74.7477
46.6418,74.7648,0.014637,-7.21128e-05,-0.28228,472,129,108,46.6418,74.7648
46.7616,74.7813,0.0146204,-7.21049e-05,-0.28257,473,129,108,46.7616,74.7813
46.8814,74.7972,0.0146043,-7.20973e-05,-0.28285,474,129,108,46.8814,74.7972
47.0012,74.8125,0.0145889,-7.209e-05,-0.28312,475,129,108,47.0012,74.8125
47.1211,74.8272,0.0145741,-7.20829e-05,-0.28338,476,129,108,47.1211,74.8272
47.241,74.8413,0.0145599,-7.20761e-05,-0.28363,477,129,108,47.241,74.8413
47.3609,74.8548,0.0145463,-7.20696e-05,-0.28387,478,129,108,47.3609,74.8548
47.4807,74.8677,0.0145333,-7.20635e-05,-0.2841,479,129,108,47.4807,74.8677
47.6006,74.88,0.0145209,-7.20576e-05,-0.284319,480,129,108,47.6006,74.88
47.7205,74.8917,0.0145091,-7.20519e-05,-0.284528,481,129,108,47.7205,74.8917
47.8405,74.9028,0.0144979,-7.20466e-05,-0.284727,482,129,108,47.8405,74.9028
47.9604,74.9133,0.0144873,-7.20416e-05,-0.284915,483,129,108,47.9604,74.9133
48.0803,74.9232,0.0144773,-7.20368e-05,-0.285092,484,129,108,48.0803,74.9232
48.2003,74.9325,0.0144679,-7.20324e-05,-0.28526,485,129,108,48.2003,74.9325
48.3202,74.9412,0.0144592,-7.20282e-05,-0.285416,486,129,108,48.3202,74.9412
48.4402,74.9493,0.014451,-7.20243e-05,-0.285562,487,129,108,48.4402,74.9493
48.5601,74.9568,0.0144434,-7.20207e-05,-0.285697,488,129,108,48.5601,74.9568
48.6801,74.9637,0.0144365,-7.20174e-05,-0.285822,489,129,108,48.6801,74.9637
48.8001,74.97,0.0144301,-7.20144e-05,-0.285935,490,129,108,48.8001,74.97
48.9201,74.9757,0.0144244,-7.20116e-05,-0.286038,491,129,108,48.9201,74.9757
49.04,74.9808,0.0144192,-7.20092e-05,-0.286131,492,129,108,49.04,74.9808
49.16,74.9853,0.0144147,-7.2007e-05,-0.286212,493,129,108,49.16,74.9853
49.28,74.9892,0.0144108,-7.20051e-05,-0.286283,494,129,108,49.28,74.9892
49.4,74.9925,0.0144075,-7.20036e-05,-0.286342,495,129,108,49.4,74.9925
49.52,74.9952,0.0144047,-7.20023e-05,-0.286391,496,129,108,49.52,74.9952
49.64,74.9973,0.0144026,-7.20012e-05,-0.28643,497,129,108,49.64,74.9973
49.76,74.9988,0.0144011,-7.20005e-05,-0.286457,498,129,108,49.76,74.9988
49.88,74.9997,0.0144002,-7.20001e-05,-0.286473,499,129,108,49.88,74.9997
50,75,0.0143999,-7.2e-05,-0.286478,500,129,108,50,75
50.12,74.9997,0.0144002,-7.20001e-05,-0.286473,501,129,108,50.12,74.9997
50.24,74.9988,0.0144011,-7.20005e-05,-0.286457,502,129,108,50.24,74.9988
50.36,74.9973,0.0144026,-7.20012e-05,-0.28643,503,129,108,50.36,74.9973
50.48,74.9952,0.0144047,-7.20023e-05,-0.286391,504,129,108,50.48,74.9952
50.6,74.9925,0.0144075,-7.20036e-05,-0.286342,505,129,108,50.6,74.9925
50.72,74.9892,0.0144108,-7.20051e-05,-0.286283,506,129,108,50.72,74.9892
50.84,74.9853,0.0144147,-7.2007e-05,-0.286212,507,129,108,50.84,74.9853
50.96,74.9808,0.0144192,-7.20092e-05,-0.286131,508,129,108,50.96,74.9808
51.0799,74.9757,0.0144244,-7.20116e-05,-0.286038,509,129,108,51.0799,74.9757
51.1999,74.97,0.0144301,-7.20144e-05,-0.285935,510,129,108,51.1999,74.97
51.3199,74.9637,0.0144365,-7.20174e-05,-0.285822,511,129,108,51.3199,74.9637
51.4399,74.9568,0.0144434,-7.20207e-05,-0.285697,512,129,108,51.4399,74.9568
51.5598,74.9493,0.014451,-7.20243e-05,-0.285562,513,129,108,51.5598,74.9493
51.6798,74.9412,0.0144592,-7.20282e-05,-0.285416,514,129,108,51.6798,74.9412
51.7997,74.9325,0.0144679,-7.20324e-05,-0.28526,515,129,108,51.7997,74.9325
51.9197,74.9232,0.0144773,-7.20368e-05,-0.285092,516,129,108,51.9197,74.9232
52.0396,74.9133,0.0144873,-7.20416e-05,-0.284915,517,129,108,52.0396,74.9133
52.1595,74.9028,0.0144979,-7.20466e-05,-0.284727,518,129,108,52.1595,74.9028
52.2795,74.8917,0.0145091,-7.20519e-05,-0.284528,519,129,108,52.2795,74.8917
52.3994,74.88,0.0145209,-7.20576e-05,-0.284319,520,129,108,52.3994,74.88
52.5193,74.8677,0.0145333,-7.20635e-05,-0.2841,521,129,108,52.5193,74.8677
52.6391,74.8548,0.0145463,-7.20696e-05,-0.28387,522,129,108,52.6391,74.8548
52.759,74.8413,0.0145599,-7.20761e-05,-0.28363,523,129,108,52.759,74.8413
52.8789,74.8272,0.0145741,-7.20829e-05,-0.28338,524,129,108,52.8789,74.8272
52.9988,74.8125,0.0145889,-7.209e-05,-0.28312,525,129,108,52.9988,74.8125
53.1186,74.7972,0.0146043,-7.20973e-05,-0.28285,526,129,108,53.1186,74.7972
53.2384,74.7813,0.0146204,-7.21049e-05,-0.28257,527,129,108,53.2384,74.7813
53.3582,74.7648,0.014637,-7.21128e-05,-0.28228,528,129,108,53.3582,74.7648
53.478,74.7477,0.0146542,-7.21211e-05,-0.28198,529,129,108,53.478,74.7477
53.5978,74.73,0.0146721,-7.21296e-05,-0.28167,530,129,108,53.5978,74.73
53.7176,74.7117,0.0146906,-7.21383e-05,-0.28135,531,129,108,53.7176,74.7117
53.8374,74.6928,0.0147096,-7.21474e-05,-0.281021,532,129,108,53.8374,74.6928
53.9571,74.6733,0.0147293,-7.21568e-05,-0.280682,533,129,108,53.9571,74.6733
54.0769,74.6532,0.0147495,-7.21664e-05,-0.280334,534,129,108,54.0769,74.6532
54.1966,74.6325,0.0147704,-7.21764e-05,-0.279976,535,129,108,54.1966,74.6325
54.3163,74.6112,0.0147919,-7.21866e-05,-0.279609,536,129,108,54.3163,74.6112
54.4359,74.5893,0.014814,-7.21971e-05,-0.279233,537,129,108,54.4359,74.5893
54.5556,74.5668,0.0148367,-7.22079e-05,-0.278848,538,129,108,54.5556,74.5668
54.6753,74.5437,0.01486,-7.2219e-05,-0.278453,539,129,108,54.6753,74.5437
54.7949,74.52,0.0148839,-7.22304e-05,-0.27805,540,129,108,54.7949,74.52
54.9145,74.4957,0.0149084,-7.2242e-05,-0.277638,541,129,108,54.9145,74.4957
55.0341,74.4708,0.0149335,-7.2254e-05,-0.277217,542,129,108,55.0341,74.4708
55.1536,74.4453,0.0149592,-7.22662e-05,-0.276787,543,129,108,55.1536,74.4453
55.2732,74.4192,0.0149856,-7.22787e-05,-0.276348,544,129,108,55.2732,74.4192
55.3927,74.3925,0.0150125,-7.22916e-05,-0.275902,545,129,108,55.3927,74.3925
55.5122,74.3652,0.01504,-7.23047e-05,-0.275446,546,129,108,55.5122,74.3652
55.6317,74.3373,0.0150682,-7.2318e-05,-0.274983,547,129,108,55.6317,74.3373
55.7512,74.3088,0.0150969,-7.23317e-05,-0.274511,548,129,108,55.7512,74.3088
55.8706,74.2797,0.0151263,-7.23457e-05,-0.274031,549,129,108,55.8706,74.2797
55.99,74.25,0.0151563,-7.236e-05,-0.273543,550,129,108,55.99,74.25
56.1094,74.2197,0.0151868,-7.23745e-05,-0.273047,551,129,108,56.1094,74.2197
56.2288,74.1888,0.015218,-7.23893e-05,-0.272544,552,129,108,56.2288,74.1888
56.3481,74.1573,0.0152498,-7.24044e-05,-0.272033,553,129,108,56.3481,74.1573
56.4674,74.1252,0.0152822,-7.24199e-05,-0.271514,554,129,108,56.4674,74.1252
56.5867,74.0925,0.0153152,-7.24356e-05,-0.270987,555,129,108,56.5867,74.0925
56.706,74.0592,0.0153488,-7.24515e-05,-0.270454,556,129,108,56.706,74.0592
56.8252,74.0253,0.015383,-7.24678e-05,-0.269913,557,129,108,56.8252,74.0253
56.9444,73.9908,0.0154178,-7.24844e-05,-0.269365,558,129,108,56.9444,73.9908
57.0636,73.9557,0.0154532,-7.25012e-05,-0.26881,559,129,108,57.0636,73.9557
57.1827,73.92,0.0154893,-7.25184e-05,-0.268248,560,129,108,57.1827,73.92
57.3018,73.8837,0.0155259,-7.25358e-05,-0.267679,561,129,108,57.3018,73.8837
57.4209,73.8468,0.0155632,-7.25535e-05,-0.267104,562,129,108,57.4209,73.8468
57.54,73.8093,0.015601,-7.25715e-05,-0.266522,563,129,108,57.54,73.8093
57.659,73.7712,0.0156395,-7.25898e-05,-0.265933,564,129,108,57.659,73.7712
57.778,73.7325,0.0156786,-7.26084e-05,-0.265338,565,129,108,57.778,73.7325
57.897,73.6932,0.0157182,-7.26272e-05,-0.264737,566,129,108,57.897,73.6932
58.0159,73.6533,0.0157585,-7.26464e-05,-0.26413,567,129,108,58.0159,73.6533
58.1348,73.6128,0.0157994,-7.26658e-05,-0.263517,568,129,108,58.1348,73.6128
58.2537,73.5717,0.0158409,-7.26855e-05,-0.262898,569,129,108,58.2537,73.5717
58.3726,73.53,0.015883,-7.27056e-05,-0.262273,570,129,108,58.3726,73.53
58.4914,73.4877,0.0159258,-7.27259e-05,-0.261643,571,129,108,58.4914,73.4877
58.6101,73.4448,0.0159691,-7.27464e-05,-0.261007,572,129,108,58.6101,73.4448
58.7289,73.4013,0.016013,-7.27673e-05,-0.260365,573,129,108,58.7289,73.4013
58.8476,73.3572,0.0160576,-7.27885e-05,-0.259718,574,129,108,58.8476,73.3572
58.9662,73.3125,0.0161027,-7.281e-05,-0.259067,575,129,108,58.9662,73.3125
59.0849,73.2672,0.0161485,-7.28317e-05,-0.25841,576,129,108,59.0849,73.2672
59.2035,73.2213,0.0161948,-7.28537e-05,-0.257748,577,129,108,59.2035,73.2213
59.322,73.1748,0.0162418,-7.2876e-05,-0.257081,578,129,108,59.322,73.1748
59.4406,73.1277,0.0162894,-7.28987e-05,-0.256409,579,129,108,59.4406,73.1277
59.559,73.08,0.0163376,-7.29216e-05,-0.255733,580,129,108,59.559,73.08
59.6775,73.0317,0.0163864,-7.29447e-05,-0.255053,581,129,108,59.6775,73.0317
59.7959,72.9828,0.0164358,-7.29682e-05,-0.254368,582,129,108,59.7959,72.9828
59.9143,72.9333,0.0164859,-7.2992e-05,-0.253678,583,129,108,59.9143,72.9333
60.0326,72.8832,0.0165365,-7.3016e-05,-0.252985,584,129,108,60.0326,72.8832
60.1509,72.8325,0.0165877,-7.30404e-05,-0.252287,585,129,108,60.1509,72.8325
60.2691,72.7812,0.0166396,-7.3065e-05,-0.251586,586,129,108,60.2691,72.7812
60.3873,72.7293,0.0166921,-7.30899e-05,-0.250881,587,129,108,60.3873,72.7293
60.5055,72.6768,0.0167451,-7.31151e-05,-0.250172,588,129,108,60.5055,72.6768
60.6236,72.6237,0.0167988,-7.31406e-05,-0.249459,589,129,108,60.6236,72.6237
60.7417,72.57,0.0168531,-7.31664e-05,-0.248743,590,129,108,60.7417,72.57
60.8597,72.5157,0.016908,-7.31924e-05,-0.248024,591,129,108,60.8597,72.5157
60.9777,72.4608,0.0169635,-7.32188e-05,-0.247301,592,129,108,60.9777,72.4608
61.0957,72.4053,0.0170197,-7.32454e-05,-0.246575,593,129,108,61.0957,72.4053
61.2136,72.3492,0.0170764,-7.32723e-05,-0.245846,594,129,108,61.2136,72.3492
61.3314,72.2925,0.0171337,-7.32996e-05,-0.245115,595,129,108,61.3314,72.2925
61.4492,72.2352,0.0171917,-7.33271e-05,-0.24438,596,129,108,61.4492,72.2352
61.567,72.1773,0.0172503,-7.33548e-05,-0.243642,597,129,108,61.567,72.1773
61.6847,72.1188,0.0173095,-7.33829e-05,-0.242902,598,129,108,61.6847,72.1188
61.8024,72.0597,0.0173692,-7.34113e-05,-0.24216,599,129,108,61.8024,72.0597
61.92,72,0.0174297,-7.344e-05,-0.241415,600,129,108,61.92,72
62.0376,71.9397,0.0174907,-7.34689e-05,-0.240667,601,129,108,62.0376,71.9397
62.1551,71.8788,0.0175523,-7.34981e-05,-0.239918,602,129,108,62.1551,71.8788
62.2726,71.8173,0.0176145,-7.35276e-05,-0.239166,603,129,108,62.2726,71.8173
62.39,71.7552,0.0176774,-7.35575e-05,-0.238412,604,129,108,62.39,71.7552
62.5074,71.6925,0.0177409,-7.35876e-05,-0.237657,605,129,108,62.5074,71.6925
62.6247,71.6292,0.0178049,-7.36179e-05,-0.236899,606,129,108,62.6247,71.6292
62.742,71.5653,0.0178696,-7.36486e-05,-0.23614,607,129,108,62.742,71.5653
62.8592,71.5008,0.0179349,-7.36796e-05,-0.235379,608,129,108,62.8592,71.5008
62.9764,71.4357,0.0180008,-7.37108e-05,-0.234617,609,129,108,62.9764,71.4357
63.0935,71.37,0.0180674,-7.37424e-05,-0.233853,610,129,108,63.0935,71.37
63.2106,71.3037,0.0181345,-7.37742e-05,-0.233087,611,129,108,63.2106,71.3037
63.3276,71.2368,0.0182023,-7.38063e-05,-0.232321,612,129,108,63.3276,71.2368
63.4446,71.1693,0.0182706,-7.38387e-05,-0.231553,613,129,108,63.4446,71.1693
63.5615,71.1012,0.0183396,-7.38714e-05,-0.230784,614,129,108,63.5615,71.1012
63.6783,71.0325,0.0184092,-7.39044e-05,-0.230015,615,129,108,63.6783,71.0325
63.7951,70.9632,0.0184794,-7.39376e-05,-0.229244,616,129,108,63.7951,70.9632
63.9119,70.8933,0.0185502,-7.39712e-05,-0.228472,617,129,108,63.9119,70.8933
64.0286,70.8228,0.0186217,-7.4005e-05,-0.2277,618,129,108,64.0286,70.8228
64.1452,70.7517,0.0186937,-7.40391e-05,-0.226927,619,129,108,64.1452,70.7517
64.2618,70.68,0.0187664,-7.40736e-05,-0.226153,620,129,108,64.2618,70.68
64.3783,70.6077,0.0188397,-7.41083e-05,-0.225379,621,129,108,64.3783,70.6077
64.4947,70.5348,0.0189136,-7.41432e-05,-0.224604,622,129,108,64.4947,70.5348
64.6111,70.4613,0.0189881,-7.41785e-05,-0.22383,623,129,108,64.6111,70.4613
64.7275,70.3872,0.0190632,-7.42141e-05,-0.223054,624,129,108,64.7275,70.3872
64.8438,70.3125,0.019139,-7.425e-05,-0.222279,625,129,108,64.8438,70.3125
64.96,70.2372,0.0192153,-7.42861e-05,-0.221503,626,129,108,64.96,70.2372
65.0761,70.1613,0.0192923,-7.43225e-05,-0.220728,627,129,108,65.0761,70.1613
65.1922,70.0848,0.0193699,-7.43592e-05,-0.219952,628,129,108,65.1922,70.0848
65.3083,70.0077,0.0194481,-7.43963e-05,-0.219177,629,129,108,65.3083,70.0077
65.4242,69.93,0.0195269,-7.44336e-05,-0.218402,630,129,108,65.4242,69.93
65.5402,69.8517,0.0196063,-7.44711e-05,-0.217627,631,129,108,65.5402,69.8517
65.656,69.7728,0.0196864,-7.4509e-05,-0.216852,632,129,108,65.656,69.7728
65.7718,69.6933,0.0197671,-7.45472e-05,-0.216077,633,129,108,65.7718,69.6933
65.8875,69.6132,0.0198484,-7.45856e-05,-0.215304,634,129,108,65.8875,69.6132
66.0032,69.5325,0.0199303,-7.46244e-05,-0.21453,635,129,108,66.0032,69.5325
66.1188,69.4512,0.0200128,-7.46634e-05,-0.213757,636,129,108,66.1188,69.4512
66.2343,69.3693,0.0200959,-7.47027e-05,-0.212985,637,129,108,66.2343,69.3693
66.3498,69.2868,0.0201797,-7.47423e-05,-0.212213,638,129,108,66.3498,69.2868
66.4652,69.2037,0.0202641,-7.47822e-05,-0.211442,639,129,108,66.4652,69.2037
66.5805,69.12,0.0203491,-7.48224e-05,-0.210672,640,129,108,66.5805,69.12
66.6957,69.0357,0.0204347,-7.48628e-05,-0.209903,641,129,108,66.6957,69.0357
66.8109,68.9508,0.0205209,-7.49036e-05,-0.209135,642,129,108,66.8109,68.9508
66.9261,68.8653,0.0206078,-7.49446e-05,-0.208368,643,129,108,66.9261,68.8653
67.0411,68.7792,0.0206952,-7.49859e-05,-0.207601,644,129,108,67.0411,68.7792
67.1561,68.6925,0.0207833,-7.50276e-05,-0.206836,645,129,108,67.1561,68.6925
67.271,68.6052,0.020872,-7.50695e-05,-0.206072,646,129,108,67.271,68.6052
67.3859,68.5173,0.0209613,-7.51116e-05,-0.205309,647,129,108,67.3859,68.5173
67.5007,68.4288,0.0210513,-7.51541e-05,-0.204548,648,129,108,67.5007,68.4288
67.6154,68.3397,0.0211419,-7.51969e-05,-0.203787,649,129,108,67.6154,68.3397
67.73,68.25,0.0212331,-7.524e-05,-0.203028,650,129,108,67.73,68.25
67.8446,68.1597,0.0213249,-7.52833e-05,-0.202271,651,129,108,67.8446,68.1597
67.9591,68.0688,0.0214173,-7.53269e-05,-0.201515,652,129,108,67.9591,68.0688
68.0735,67.9773,0.0215103,-7.53708e-05,-0.20076,653,129,108,68.0735,67.9773
68.1878,67.8852,0.021604,-7.54151e-05,-0.200007,654,129,108,68.1878,67.8852
68.3021,67.7925,0.0216983,-7.54596e-05,-0.199255,655,129,108,68.3021,67.7925
68.4163,67.6992,0.0217932,-7.55043e-05,-0.198505,656,129,108,68.4163,67.6992
68.5304,67.6053,0.0218887,-7.55494e-05,-0.197757,657,129,108,68.5304,67.6053
68.6445,67.5108,0.0219849,-7.55948e-05,-0.19701,658,129,108,68.6445,67.5108
68.7584,67.4157,0.0220817,-7.56404e-05,-0.196265,659,129,108,68.7584,67.4157
68.8723,67.32,0.0221791,-7.56864e-05,-0.195522,660,129,108,68.8723,67.32
68.9861,67.2237,0.0222771,-7.57326e-05,-0.19478,661,129,108,68.9861,67.2237
69.0999,67.1268,0.0223757,-7.57791e-05,-0.194041,662,129,108,69.0999,67.1268
69.2135,67.0293,0.022475,-7.58259e-05,-0.193303,663,129,108,69.2135,67.0293
69.3271,66.9312,0.0225749,-7.5873e-05,-0.192567,664,129,108,69.3271,66.9312
69.4406,66.8325,0.0226754,-7.59204e-05,-0.191833,665,129,108,69.4406,66.8325
69.5541,66.7332,0.0227766,-7.5968e-05,-0.191101,666,129,108,69.5541,66.7332
69.6674,66.6333,0.0228783,-7.6016e-05,-0.190371,667,129,108,69.6674,66.6333
69.7807,66.5328,0.0229807,-7.60642e-05,-0.189643,668,129,108,69.7807,66.5328
69.8939,66.4317,0.0230837,-7.61127e-05,-0.188918,669,129,108,69.8939,66.4317
70.007,66.33,0.0231874,-7.61616e-05,-0.188194,670,129,108,70.007,66.33
70.12,66.2277,0.0232916,-7.62107e-05,-0.187472,671,129,108,70.12,66.2277
70.2329,66.1248,0.0233965,-7.626e-05,-0.186753,672,129,108,70.2329,66.1248
70.3458,66.0213,0.023502,-7.63097e-05,-0.186036,673,129,108,70.3458,66.0213
70.4586,65.9172,0.0236082,-7.63597e-05,-0.18532,674,129,108,70.4586,65.9172
70.5713,65.8125,0.0237149,-7.641e-05,-0.184608,675,129,108,70.5713,65.8125
70.6839,65.7072,0.0238223,-7.64605e-05,-0.183897,676,129,108,70.6839,65.7072
70.7964,65.6013,0.0239303,-7.65113e-05,-0.183189,677,129,108,70.7964,65.6013
70.9088,65.4948,0.024039,-7.65624e-05,-0.182483,678,129,108,70.9088,65.4948
71.0212,65.3877,0.0241482,-7.66139e-05,-0.181779,679,129,108,71.0212,65.3877
71.1334,65.28,0.0242581,-7.66656e-05,-0.181077,680,129,108,71.1334,65.28
71.2456,65.1717,0.0243686,-7.67175e-05,-0.180378,681,129,108,71.2456,65.1717
71.3577,65.0628,0.0244798,-7.67698e-05,-0.179682,682,129,108,71.3577,65.0628
71.4697,64.9533,0.0245916,-7.68224e-05,-0.178988,683,129,108,71.4697,64.9533
71.5816,64.8432,0.024704,-7.68752e-05,-0.178296,684,129,108,71.5816,64.8432
71.6935,64.7325,0.024817,-7.69284e-05,-0.177606,685,129,108,71.6935,64.7325
71.8052,64.6212,0.0249307,-7.69818e-05,-0.176919,686,129,108,71.8052,64.6212
71.9169,64.5093,0.025045,-7.70355e-05,-0.176235,687,129,108,71.9169,64.5093
72.0284,64.3968,0.0251599,-7.70895e-05,-0.175553,688,129,108,72.0284,64.3968
72.1399,64.2837,0.0252754,-7.71438e-05,-0.174873,689,129,108,72.1399,64.2837
72.2513,64.17,0.0253916,-7.71984e-05,-0.174196,690,129,108,72.2513,64.17
72.3626,64.0557,0.0255084,-7.72532e-05,-0.173522,691,129,108,72.3626,64.0557
72.4738,63.9408,0.0256258,-7.73084e-05,-0.17285,692,129,108,72.4738,63.9408
72.5849,63.8253,0.0257439,-7.73638e-05,-0.172181,693,129,108,72.5849,63.8253
72.6959,63.7092,0.0258626,-7.74195e-05,-0.171514,694,129,108,72.6959,63.7092
72.8068,63.5925,0.0259819,-7.74756e-05,-0.17085,695,129,108,72.8068,63.5925
72.9176,63.4752,0.0261019,-7.75319e-05,-0.170188,696,129,108,72.9176,63.4752
73.0284,63.3573,0.0262225,-7.75884e-05,-0.169529,697,129,108,73.0284,63.3573
73.139,63.2388,0.0263437,-7.76453e-05,-0.168873,698,129,108,73.139,63.2388
73.2496,63.1197,0.0264656,-7.77025e-05,-0.168219,699,129,108,73.2496,63.1197
73.36,63,0.0265881,-7.776e-05,-0.167568,700,129,108,73.36,63
73.4704,62.8797,0.0267112,-7.78177e-05,-0.166919,701,129,108,73.4704,62.8797
73.5806,62.7588,0.0268349,-7.78757e-05,-0.166274,702,129,108,73.5806,62.7588
73.6908,62.6373,0.0269593,-7.7934e-05,-0.16563,703,129,108,73.6908,62.6373
73.8008,62.5152,0.0270843,-7.79927e-05,-0.16499,704,129,108,73.8008,62.5152
73.9108,62.3925,0.02721,-7.80516e-05,-0.164352,705,129,108,73.9108,62.3925
74.0207,62.2692,0.0273363,-7.81107e-05,-0.163717,706,129,108,74.0207,62.2692
74.1304,62.1453,0.0274632,-7.81702e-05,-0.163084,707,129,108,74.1304,62.1453
74.2401,62.0208,0.0275907,-7.823e-05,-0.162454,708,129,108,74.2401,62.0208
74.3497,61.8957,0.0277189,-7.829e-05,-0.161827,709,129,108,74.3497,61.8957
74.4591,61.77,0.0278478,-7.83504e-05,-0.161203,710,129,108,74.4591,61.77
74.5685,61.6437,0.0279772,-7.8411e-05,-0.160581,711,129,108,74.5685,61.6437
74.6777,61.5168,0.0281073,-7.84719e-05,-0.159962,712,129,108,74.6777,61.5168
74.7869,61.3893,0.028238,-7.85331e-05,-0.159345,713,129,108,74.6777,61.5168
74.896,61.2612,0.0283694,-7.85946e-05,-0.158732,714,129,108,74.6777,61.5168
75.0049,61.1325,0.0285014,-7.86564e-05,-0.158121,715,129,108,74.6777,61.5168
75.1138,61.0032,0.028634,-7.87184e-05,-0.157513,716,129,108,74.6777,61.5168
75.2225,60.8733,0.0287673,-7.87808e-05,-0.156907,717,129,108,74.6777,61.5168
75.3312,60.7428,0.0289012,-7.88434e-05,-0.156304,718,129,108,74.6777,61.5168
75.4397,60.6117,0.0290358,-7.89063e-05,-0.155704,719,129,108,74.6777,61.5168
75.5482,60.48,0.029171,-7.89696e-05,-0.155107,720,129,108,74.6777,61.5168
75.6565,60.3477,0.0293068,-7.90331e-05,-0.154512,721,129,108,74.6777,61.5168
75.7647,60.2148,0.0294433,-7.90968e-05,-0.15392,722,129,108,74.6777,61.5168
75.8728,60.0813,0.0295804,-7.91609e-05,-0.153331,723,129,108,74.6777,61.5168
75.9808,59.9472,0.0297181,-7.92253e-05,-0.152744,724,129,108,74.6777,61.5168
76.0888,59.8125,0.0298565,-7.929e-05,-0.15216,725,129,108,74.6777,61.5168
76.1965,59.6772,0.0299955,-7.93549e-05,-0.151579,726,129,108,74.6777,61.5168
76.3042,59.5413,0.0301352,-7.94201e-05,-0.151,727,129,108,74.6777,61.5168
76.4118,59.4048,0.0302755,-7.94856e-05,-0.150425,728,129,108,74.6777,61.5168
76.5193,59.2677,0.0304165,-7.95515e-05,-0.149852,729,129,108,74.6777,61.5168
76.6266,59.13,0.030558,-7.96176e-05,-0.149281,730,129,108,74.6777,61.5168
76.7339,58.9917,0.0307003,-7.96839e-05,-0.148713,731,129,108,74.6777,61.5168
76.841,58.8528,0.0308431,-7.97506e-05,-0.148148,732,129,108,74.6777,61.5168
76.9481,58.7133,0.0309866,-7.98176e-05,-0.147586,733,129,108,74.6777,61.5168
77.055,58.5732,0.0311308,-7.98848e-05,-0.147026,734,129,108,74.6777,61.5168
77.1618,58.4325,0.0312756,-7.99524e-05,-0.14647,735,129,108,74.6777,61.5168
77.2685,58.2912,0.031421,-8.00202e-05,-0.145915,736,129,108,74.6777,61.5168
77.375,58.1493,0.0315671,-8.00883e-05,-0.145364,737,129,108,74.6777,61.5168
77.4815,58.0068,0.0317138,-8.01567e-05,-0.144815,738,129,108,74.6777,61.5168
77.5878,57.8637,0.0318612,-8.02254e-05,-0.144268,739,129,108,74.6777,61.5168
77.6941,57.72,0.0320092,-8.02944e-05,-0.143725,740,129,108,74.6777,61.5168
77.8002,57.5757,0.0321579,-8.03636e-05,-0.143184,741,129,108,74.6777,61.5168
77.9062,57.4308,0.0323072,-8.04332e-05,-0.142645,742,129,108,74.6777,61.5168
78.0121,57.2853,0.0324571,-8.0503e-05,-0.14211,743,129,108,74.6777,61.5168
78.1179,57.1392,0.0326077,-8.05731e-05,-0.141577,744,129,108,74.6777,61.5168
78.2235,56.9925,0.032759,-8.06436e-05,-0.141046,745,129,108,74.6777,61.5168
78.329,56.8452,0.0329109,-8.07143e-05,-0.140518,746,129,108,74.6777,61.5168
78.4345,56.6973,0.0330634,-8.07852e-05,-0.139993,747,129,108,74.6777,61.5168
78.5398,56.5488,0.0332166,-8.08565e-05,-0.13947,748,129,108,74.6777,61.5168
78.6449,56.3997,0.0333704,-8.09281e-05,-0.13895,749,129,108,74.6777,61.5168
78.75,56.25,0.0335249,-8.1e-05,-0.138433,750,129,108,74.6777,61.5168
78.8549,56.0997,0.03368,-8.10721e-05,-0.137918,751,129,108,74.6777,61.5168
78.9598,55.9488,0.0338358,-8.11445e-05,-0.137406,752,129,108,74.6777,61.5168
79.0645,55.7973,0.0339922,-8.12172e-05,-0.136896,753,129,108,74.6777,61.5168
79.169,55.6452,0.0341493,-8.12903e-05,-0.136389,754,129,108,74.6777,61.5168
79.2735,55.4925,0.034307,-8.13636e-05,-0.135884,755,129,108,74.6777,61.5168
79.3778,55.3392,0.0344654,-8.14371e-05,-0.135382,756,129,108,74.6777,61.5168
79.482,55.1853,0.0346244,-8.1511e-05,-0.134883,757,129,108,74.6777,61.5168
79.5861,55.0308,0.0347841,-8.15852e-05,-0.134386,758,129,108,74.6777,61.5168
79.6901,54.8757,0.0349444,-8.16596e-05,-0.133891,759,129,108,74.6777,61.5168
79.7939,54.72,0.0351053,-8.17344e-05,-0.133399,760,129,108,74.6777,61.5168
79.8976,54.5637,0.035267,-8.18094e-05,-0.13291,761,129,108,74.6777,61.5168
80.0012,54.4068,0.0354292,-8.18847e-05,-0.132423,762,129,108,74.6777,61.5168
80.1047,54.2493,0.0355922,-8.19603e-05,-0.131938,763,129,108,74.6777,61.5168
80.208,54.0912,0.0357558,-8.20362e-05,-0.131456,764,129,108,74.6777,61.5168
80.3112,53.9325,0.03592,-8.21124e-05,-0.130977,765,129,108,74.6777,61.5168
80.4143,53.7732,0.0360849,-8.21888e-05,-0.1305,766,129,108,74.6777,61.5168
80.5173,53.6133,0.0362504,-8.22656e-05,-0.130025,767,129,108,74.6777,61.5168
80.6201,53.4528,0.0364166,-8.23426e-05,-0.129553,768,129,108,74.6777,61.5168
80.7228,53.2917,0.0365835,-8.24199e-05,-0.129083,769,129,108,74.6777,61.5168
80.8254,53.13,0.036751,-8.24976e-05,-0.128616,770,129,108,74.6777,61.5168
80.9278,52.9677,0.0369191,-8.25755e-05,-0.128151,771,129,108,74.6777,61.5168
81.0301,52.8048,0.0370879,-8.26536e-05,-0.127688,772,129,108,74.6777,61.5168
81.1323,52.6413,0.0372574,-8.27321e-05,-0.127228,773,129,108,74.6777,61.5168
81.2343,52.4772,0.0374275,-8.28109e-05,-0.126771,774,129,108,74.6777,61.5168
81.3363,52.3125,0.0375983,-8.289e-05,-0.126315,775,129,108,74.6777,61.5168
81.438,52.1472,0.0377698,-8.29693e-05,-0.125862,776,129,108,74.6777,61.5168
81.5397,51.9813,0.0379418,-8.30489e-05,-0.125412,777,129,108,74.6777,61.5168
81.6412,51.8148,0.0381146,-8.31288e-05,-0.124963,778,129,108,74.6777,61.5168
81.7426,51.6477,0.038288,-8.32091e-05,-0.124517,779,129,108,74.6777,61.5168
81.8438,51.48,0.0384621,-8.32896e-05,-0.124074,780,129,108,74.6777,61.5168
81.945,51.3117,0.0386368,-8.33703e-05,-0.123632,781,129,108,74.6777,61.5168
82.0459,51.1428,0.0388122,-8.34514e-05,-0.123193,782,129,108,74.6777,61.5168
82.1468,50.9733,0.0389883,-8.35328e-05,-0.122757,783,129,108,74.6777,61.5168
82.2475,50.8032,0.039165,-8.36144e-05,-0.122322,784,129,108,74.6777,61.5168
82.3481,50.6325,0.0393423,-8.36964e-05,-0.12189,785,129,108,74.6777,61.5168
82.4485,50.4612,0.0395204,-8.37786e-05,-0.12146,786,129,108,74.6777,61.5168
82.5488,50.2893,0.0396991,-8.38611e-05,-0.121033,787,129,108,74.6777,61.5168
82.649,50.1168,0.0398784,-8.39439e-05,-0.120607,788,129,108,74.6777,61.5168
82.749,49.9437,0.0400584,-8.4027e-05,-0.120184,789,129,108,74.6777,61.5168
82.8489,49.77,0.0402391,-8.41104e-05,-0.119763,790,129,108,74.6777,61.5168
82.9486,49.5957,0.0404205,-8.4194e-05,-0.119344,791,129,108,74.6777,61.5168
83.0482,49.4208,0.0406025,-8.4278e-05,-0.118928,792,129,108,74.6777,61.5168
83.1477,49.2453,0.0407851,-8.43622e-05,-0.118514,793,129,108,74.6777,61.5168
83.247,49.0692,0.0409685,-8.44467e-05,-0.118101,794,129,108,74.6777,61.5168
83.3462,48.8925,0.0411525,-8.45316e-05,-0.117691,795,129,108,74.6777,61.5168
83.4453,48.7152,0.0413371,-8.46167e-05,-0.117284,796,129,108,74.6777,61.5168
83.5442,48.5373,0.0415225,-8.4702e-05,-0.116878,797,129,108,74.6777,61.5168
83.6429,48.3588,0.0417085,-8.47877e-05,-0.116475,798,129,108,74.6777,61.5168
83.7415,48.1797,0.0418951,-8.48737e-05,-0.116073,799,129,108,74.6777,61.5168
83.84,48,0.0420824,-8.496e-05,-0.115674,800,129,108,74.6777,61.5168
83.9383,47.8197,0.0422704,-8.50465e-05,-0.115277,801,129,108,74.6777,61.5168
84.0365,47.6388,0.0424591,-8.51333e-05,-0.114882,802,129,108,74.6777,61.5168
84.1345,47.4573,0.0426484,-8.52204e-05,-0.114489,803,129,108,74.6777,61.5168
84.2324,47.2752,0.0428384,-8.53079e-05,-0.114098,804,129,108,74.6777,61.5168
84.3302,47.0925,0.0430291,-8.53956e-05,-0.113709,805,129,108,74.6777,61.5168
84.4278,46.9092,0.0432204,-8.54835e-05,-0.113322,806,129,108,74.6777,61.5168
84.5252,46.7253,0.0434124,-8.55718e-05,-0.112938,807,129,108,74.6777,61.5168
84.6226,46.5408,0.0436051,-8.56604e-05,-0.112555,808,129,108,74.6777,61.5168
84.7197,46.3557,0.0437985,-8.57492e-05,-0.112174,809,129,108,74.6777,61.5168
84.8167,46.17,0.0439925,-8.58384e-05,-0.111796,810,129,108,74.6777,61.5168
84.9136,45.9837,0.0441872,-8.59278e-05,-0.111419,811,129,108,74.6777,61.5168
85.0103,45.7968,0.0443825,-8.60175e-05,-0.111044,812,129,108,74.6777,61.5168
85.1069,45.6093,0.0445786,-8.61075e-05,-0.110672,813,129,108,74.6777,61.5168
85.2033,45.4212,0.0447753,-8.61978e-05,-0.110301,814,129,108,74.6777,61.5168
85.2995,45.2325,0.0449726,-8.62884e-05,-0.109932,815,129,108,74.6777,61.5168
85.3956,45.0432,0.0451707,-8.63792e-05,-0.109566,816,129,108,74.6777,61.5168
85.4916,44.8533,0.0453694,-8.64704e-05,-0.109201,817,129,108,74.6777,61.5168
85.5874,44.6628,0.0455688,-8.65618e-05,-0.108838,818,129,108,74.6777,61.5168
85.6831,44.4717,0.0457689,-8.66535e-05,-0.108477,819,129,108,74.6777,61.5168
85.7786,44.28,0.0459696,-8.67456e-05,-0.108118,820,129,108,74.6777,61.5168
85.8739,44.0877,0.0461711,-8.68379e-05,-0.107761,821,129,108,74.6777,61.5168
85.9691,43.8948,0.0463732,-8.69304e-05,-0.107406,822,129,108,74.6777,61.5168
86.0641,43.7013,0.0465759,-8.70233e-05,-0.107052,823,129,108,74.6777,61.5168
86.159,43.5072,0.0467794,-8.71165e-05,-0.106701,824,129,108,74.6777,61.5168
86.2537,43.3125,0.0469835,-8.721e-05,-0.106351,825,129,108,74.6777,61.5168
86.3483,43.1172,0.0471883,-8.73037e-05,-0.106004,826,129,108,74.6777,61.5168
86.4427,42.9213,0.0473938,-8.73977e-05,-0.105658,827,129,108,74.6777,61.5168
86.537,42.7248,0.0476,-8.7492e-05,-0.105313,828,129,108,74.6777,61.5168
86.6311,42.5277,0.0478068,-8.75867e-05,-0.104971,829,129,108,74.6777,61.5168
86.725,42.33,0.0480143,-8.76816e-05,-0.104631,830,129,108,74.6777,61.5168
86.8188,42.1317,0.0482225,-8.77767e-05,-0.104292,831,129,108,74.6777,61.5168
86.9125,41.9328,0.0484314,-8.78722e-05,-0.103955,832,129,108,74.6777,61.5168
87.0059,41.7333,0.048641,-8.7968e-05,-0.10362,833,129,108,74.6777,61.5168
87.0992,41.5332,0.0488512,-8.8064e-05,-0.103287,834,129,108,74.6777,61.5168
87.1924,41.3325,0.0490622,-8.81604e-05,-0.102955,835,129,108,74.6777,61.5168
87.2854,41.1312,0.0492738,-8.8257e-05,-0.102626,836,129,108,74.6777,61.5168
87.3782,40.9293,0.0494861,-8.83539e-05,-0.102297,837,129,108,74.6777,61.5168
87.4708,40.7268,0.0496991,-8.84511e-05,-0.101971,838,129,108,74.6777,61.5168
87.5633,40.5237,0.0499127,-8.85486e-05,-0.101647,839,129,108,74.6777,61.5168
87.6557,40.32,0.0501271,-8.86464e-05,-0.101324,840,129,108,74.6777,61.5168
87.7479,40.1157,0.0503421,-8.87444e-05,-0.101002,841,129,108,74.6777,61.5168
87.8399,39.9108,0.0505578,-8.88428e-05,-0.100683,842,129,108,74.6777,61.5168
87.9317,39.7053,0.0507742,-8.89414e-05,-0.100365,843,129,108,74.6777,61.5168
88.0234,39.4992,0.0509913,-8.90403e-05,-0.100049,844,129,108,74.6777,61.5168
88.1149,39.2925,0.0512091,-8.91396e-05,-0.0997346,845,129,108,74.6777,61.5168
88.2063,39.0852,0.0514275,-8.92391e-05,-0.0994218,846,129,108,74.6777,61.5168
88.2974,38.8773,0.0516467,-8.93388e-05,-0.0991106,847,129,108,74.6777,61.5168
88.3885,38.6688,0.0518665,-8.94389e-05,-0.0988011,848,129,108,74.6777,61.5168
88.4793,38.4597,0.052087,-8.95393e-05,-0.0984932,849,129,108,74.6777,61.5168
88.57,38.25,0.0523082,-8.964e-05,-0.0981869,850,129,108,74.6777,61.5168
88.6605,38.0397,0.0525302,-8.97409e-05,-0.0978823,851,129,108,74.6777,61.5168
88.7509,37.8288,0.0527527,-8.98421e-05,-0.0975792,852,129,108,74.6777,61.5168
88.841,37.6173,0.052976,-8.99436e-05,-0.0972777,853,129,108,74.6777,61.5168
88.9311,37.4052,0.0532,-9.00455e-05,-0.0969778,854,129,108,74.6777,61.5168
89.0209,37.1925,0.0534247,-9.01476e-05,-0.0966795,855,129,108,74.6777,61.5168
89.1106,36.9792,0.05365,-9.02499e-05,-0.0963827,856,129,108,74.6777,61.5168
89.2001,36.7653,0.0538761,-9.03526e-05,-0.0960875,857,129,108,74.6777,61.5168
89.2894,36.5508,0.0541028,-9.04556e-05,-0.0957939,858,129,108,74.6777,61.5168
89.3785,36.3357,0.0543303,-9.05588e-05,-0.0955017,859,129,108,74.6777,61.5168
89.4675,36.12,0.0545584,-9.06624e-05,-0.0952111,860,129,108,74.6777,61.5168
89.5563,35.9037,0.0547872,-9.07662e-05,-0.094922,861,129,108,74.6777,61.5168
89.645,35.6868,0.0550167,-9.08703e-05,-0.0946345,862,129,108,74.6777,61.5168
89.7334,35.4693,0.0552469,-9.09747e-05,-0.0943484,863,129,108,74.6777,61.5168
89.8217,35.2512,0.0554779,-9.10794e-05,-0.0940638,864,129,108,74.6777,61.5168
89.9098,35.0325,0.0557095,-9.11844e-05,-0.0937807,865,129,108,74.6777,61.5168
89.9978,34.8132,0.0559418,-9.12896e-05,-0.0934991,866,129,108,74.6777,61.5168
90.0855,34.5933,0.0561748,-9.13952e-05,-0.0932189,867,129,108,74.6777,61.5168
90.1731,34.3728,0.0564085,-9.1501e-05,-0.0929402,868,129,108,74.6777,61.5168
90.2605,34.1517,0.0566429,-9.16071e-05,-0.092663,869,129,108,74.6777,61.5168
90.3478,33.93,0.056878,-9.17136e-05,-0.0923872,870,129,108,74.6777,61.5168
90.4348,33.7077,0.0571138,-9.18203e-05,-0.0921128,871,129,108,74.6777,61.5168
90.5217,33.4848,0.0573503,-9.19272e-05,-0.0918398,872,129,108,74.6777,61.5168
90.6084,33.2613,0.0575875,-9.20345e-05,-0.0915683,873,129,108,74.6777,61.5168
90.6949,33.0372,0.0578254,-9.21421e-05,-0.0912982,874,129,108,74.6777,61.5168
90.7812,32.8125,0.058064,-9.225e-05,-0.0910294,875,129,108,74.6777,61.5168
90.8674,32.5872,0.0583033,-9.23581e-05,-0.0907621,876,129,108,74.6777,61.5168
90.9534,32.3613,0.0585433,-9.24665e-05,-0.0904961,877,129,108,74.6777,61.5168
91.0392,32.1348,0.058784,-9.25752e-05,-0.0902315,878,129,108,74.6777,61.5168
91.1248,31.9077,0.0590254,-9.26843e-05,-0.0899683,879,129,108,74.6777,61.5168
91.2102,31.68,0.0592675,-9.27936e-05,-0.0897064,880,129,108,74.6777,61.5168
91.2955,31.4517,0.0595103,-9.29031e-05,-0.0894459,881,129,108,74.6777,61.5168
91.3806,31.2228,0.0597538,-9.3013e-05,-0.0891867,882,129,108,74.6777,61.5168
91.4654,30.9933,0.0599981,-9.31232e-05,-0.0889289,883,129,108,74.6777,61.5168
91.5502,30.7632,0.060243,-9.32336e-05,-0.0886724,884,129,108,74.6777,61.5168
91.6347,30.5325,0.0604886,-9.33444e-05,-0.0884172,885,129,108,74.6777,61.5168
91.719,30.3012,0.060735,-9.34554e-05,-0.0881633,886,129,108,74.6777,61.5168
91.8032,30.0693,0.060982,-9.35667e-05,-0.0879107,887,129,108,74.6777,61.5168
91.8871,29.8368,0.0612298,-9.36783e-05,-0.0876594,888,129,108,74.6777,61.5168
91.9709,29.6037,0.0614783,-9.37902e-05,-0.0874094,889,129,108,74.6777,61.5168
92.0545,29.37,0.0617275,-9.39024e-05,-0.0871606,890,129,108,74.6777,61.5168
92.1379,29.1357,0.0619774,-9.40148e-05,-0.0869132,891,129,108,74.6777,61.5168
92.2211,28.9008,0.062228,-9.41276e-05,-0.086667,892,129,108,74.6777,61.5168
92.3041,28.6653,0.0624793,-9.42406e-05,-0.086422,893,129,108,74.6777,61.5168
92.387,28.4292,0.0627313,-9.43539e-05,-0.0861783,894,129,108,74.6777,61.5168
92.4696,28.1925,0.0629841,-9.44676e-05,-0.0859359,895,129,108,74.6777,61.5168
92.5521,27.9552,0.0632375,-9.45815e-05,-0.0856946,896,129,108,74.6777,61.5168
92.6343,27.7173,0.0634917,-9.46956e-05,-0.0854546,897,129,108,74.6777,61.5168
92.7164,27.4788,0.0637465,-9.48101e-05,-0.0852159,898,129,108,74.6777,61.5168
92.7983,27.2397,0.0640021,-9.49249e-05,-0.0849783,899,129,108,74.6777,61.5168
92.88,27,0.0642584,-9.504e-05,-0.0847419,900,129,108,74.6777,61.5168
92.9615,26.7597,0.0645155,-9.51553e-05,-0.0845068,901,129,108,74.6777,61.5168
93.0428,26.5188,0.0647732,-9.52709e-05,-0.0842728,902,129,108,74.6777,61.5168
93.1239,26.2773,0.0650317,-9.53868e-05,-0.08404,903,129,108,74.6777,61.5168
93.2049,26.0352,0.0652908,-9.55031e-05,-0.0838084,904,129,108,74.6777,61.5168
93.2856,25.7925,0.0655507,-9.56196e-05,-0.0835779,905,129,108,74.6777,61.5168
93.3661,25.5492,0.0658113,-9.57363e-05,-0.0833486,906,129,108,74.6777,61.5168
93.4465,25.3053,0.0660727,-9.58534e-05,-0.0831205,907,129,108,74.6777,61.5168
93.5266,25.0608,0.0663347,-9.59708e-05,-0.0828935,908,129,108,74.6777,61.5168
93.6066,24.8157,0.0665975,-9.60884e-05,-0.0826676,909,129,108,74.6777,61.5168
93.6863,24.57,0.066861,-9.62064e-05,-0.0824429,910,129,108,74.6777,61.5168
93.7659,24.3237,0.0671252,-9.63246e-05,-0.0822193,911,129,108,74.6777,61.5168
93.8452,24.0768,0.0673901,-9.64431e-05,-0.0819969,912,129,108,74.6777,61.5168
93.9244,23.8293,0.0676558,-9.65619e-05,-0.0817755,913,129,108,74.6777,61.5168
94.0034,23.5812,0.0679221,-9.6681e-05,-0.0815553,914,129,108,74.6777,61.5168
94.0821,23.3325,0.0681892,-9.68004e-05,-0.0813361,915,129,108,74.6777,61.5168
94.1607,23.0832,0.068457,-9.692e-05,-0.0811181,916,129,108,74.6777,61.5168
94.2391,22.8333,0.0687256,-9.704e-05,-0.0809011,917,129,108,74.6777,61.5168
94.3172,22.5828,0.0689949,-9.71602e-05,-0.0806852,918,129,108,74.6777,61.5168
94.3952,22.3317,0.0692649,-9.72807e-05,-0.0804704,919,129,108,74.6777,61.5168
94.473,22.08,0.0695356,-9.74016e-05,-0.0802567,920,129,108,74.6777,61.5168
94.5505,21.8277,0.069807,-9.75227e-05,-0.080044,921,129,108,74.6777,61.5168
94.6279,21.5748,0.0700792,-9.7644e-05,-0.0798324,922,129,108,74.6777,61.5168
94.705,21.3213,0.0703521,-9.77657e-05,-0.0796218,923,129,108,74.6777,61.5168
94.782,21.0672,0.0706257,-9.78877e-05,-0.0794122,924,129,108,74.6777,61.5168
94.8588,20.8125,0.0709001,-9.801e-05,-0.0792037,925,129,108,74.6777,61.5168
94.9353,20.5572,0.0711752,-9.81325e-05,-0.0789963,926,129,108,74.6777,61.5168
95.0116,20.3013,0.071451,-9.82553e-05,-0.0787898,927,129,108,74.6777,61.5168
95.0878,20.0448,0.0717276,-9.83784e-05,-0.0785844,928,129,108,74.6777,61.5168
95.1637,19.7877,0.0720049,-9.85019e-05,-0.0783799,929,129,108,74.6777,61.5168
95.2394,19.53,0.0722829,-9.86256e-05,-0.0781765,930,129,108,74.6777,61.5168
95.315,19.2717,0.0725616,-9.87495e-05,-0.0779741,931,129,108,74.6777,61.5168
95.3903,19.0128,0.0728411,-9.88738e-05,-0.0777727,932,129,108,74.6777,61.5168
95.4654,18.7533,0.0731213,-9.89984e-05,-0.0775722,933,129,108,74.6777,61.5168
95.5403,18.4932,0.0734023,-9.91232e-05,-0.0773728,934,129,108,74.6777,61.5168
95.615,18.2325,0.073684,-9.92484e-05,-0.0771743,935,129,108,74.6777,61.5168
95.6895,17.9712,0.0739664,-9.93738e-05,-0.0769768,936,129,108,74.6777,61.5168
95.7637,17.7093,0.0742495,-9.94995e-05,-0.0767802,937,129,108,74.6777,61.5168
95.8378,17.4468,0.0745334,-9.96255e-05,-0.0765846,938,129,108,74.6777,61.5168
95.9116,17.1837,0.0748181,-9.97518e-05,-0.07639,939,129,108,74.6777,61.5168
95.9853,16.92,0.0751034,-9.98784e-05,-0.0761963,940,129,108,74.6777,61.5168
96.0587,16.6557,0.0753895,-0.000100005,-0.0760036,941,129,108,74.6777,61.5168
96.1319,16.3908,0.0756764,-0.000100132,-0.0758117,942,129,108,74.6777,61.5168
96.2049,16.1253,0.075964,-0.00010026,-0.0756209,943,129,108,74.6777,61.5168
96.2777,15.8592,0.0762523,-0.000100388,-0.0754309,944,129,108,74.6777,61.5168
96.3503,15.5925,0.0765414,-0.000100516,-0.0752418,945,129,108,74.6777,61.5168
96.4227,15.3252,0.0768312,-0.000100644,-0.0750537,946,129,108,74.6777,61.5168
96.4948,15.0573,0.0771217,-0.000100772,-0.0748665,947,129,108,74.6777,61.5168
96.5668,14.7888,0.077413,-0.000100901,-0.0746802,948,129,108,74.6777,61.5168
96.6385,14.5197,0.0777051,-0.00010103,-0.0744947,949,129,108,74.6777,61.5168
96.71,14.25,0.0779978,-0.00010116,-0.0743102,950,129,108,74.6777,61.5168
96.7813,13.9797,0.0782914,-0.00010129,-0.0741265,951,129,108,74.6777,61.5168
96.8524,13.7088,0.0785856,-0.00010142,-0.0739438,952,129,108,74.6777,61.5168
96.9232,13.4373,0.0788807,-0.00010155,-0.0737619,953,129,108,74.6777,61.5168
96.9939,13.1652,0.0791764,-0.000101681,-0.0735809,954,129,108,74.6777,61.5168
97.0643,12.8925,0.0794729,-0.000101812,-0.0734007,955,129,108,74.6777,61.5168
97.1345,12.6192,0.0797702,-0.000101943,-0.0732214,956,129,108,74.6777,61.5168
97.2045,12.3453,0.0800682,-0.000102074,-0.0730429,957,129,108,74.6777,61.5168
97.2742,12.0708,0.080367,-0.000102206,-0.0728653,958,129,108,74.6777,61.5168
97.3438,11.7957,0.0806665,-0.000102338,-0.0726886,959,129,108,74.6777,61.5168
97.4131,11.52,0.0809667,-0.00010247,-0.0725127,960,129,108,74.6777,61.5168
97.4822,11.2437,0.0812678,-0.000102603,-0.0723376,961,129,108,74.6777,61.5168
97.5511,10.9668,0.0815695,-0.000102736,-0.0721634,962,129,108,74.6777,61.5168
97.6198,10.6893,0.081872,-0.000102869,-0.0719899,963,129,108,74.6777,61.5168
97.6882,10.4112,0.0821753,-0.000103003,-0.0718173,964,129,108,74.6777,61.5168
97.7564,10.1325,0.0824793,-0.000103136,-0.0716455,965,129,108,74.6777,61.5168
97.8244,9.8532,0.0827841,-0.00010327,-0.0714746,966,129,108,74.6777,61.5168
97.8922,9.5733,0.0830896,-0.000103405,-0.0713044,967,129,108,74.6777,61.5168
97.9597,9.2928,0.0833959,-0.000103539,-0.071135,968,129,108,74.6777,61.5168
98.0271,9.0117,0.0837029,-0.000103674,-0.0709664,969,129,108,74.6777,61.5168
98.0942,8.73,0.0840107,-0.00010381,-0.0707986,970,129,108,74.6777,61.5168
98.161,8.4477,0.0843193,-0.000103945,-0.0706316,971,129,108,74.6777,61.5168
98.2277,8.1648,0.0846286,-0.000104081,-0.0704654,972,129,108,74.6777,61.5168
98.2941,7.8813,0.0849387,-0.000104217,-0.0703,973,129,108,74.6777,61.5168
98.3603,7.5972,0.0852495,-0.000104353,-0.0701353,974,129,108,74.6777,61.5168
98.4262,7.3125,0.0855611,-0.00010449,-0.0699714,975,129,108,74.6777,61.5168
98.492,7.0272,0.0858735,-0.000104627,-0.0698083,976,129,108,74.6777,61.5168
98.5575,6.7413,0.0861866,-0.000104764,-0.0696459,977,129,108,74.6777,61.5168
98.6228,6.4548,0.0865005,-0.000104902,-0.0694842,978,129,108,74.6777,61.5168
98.6878,6.1677,0.0868151,-0.000105039,-0.0693234,979,129,108,74.6777,61.5168
98.7526,5.88,0.0871305,-0.000105178,-0.0691632,980,129,108,74.6777,61.5168
98.8172,5.5917,0.0874467,-0.000105316,-0.0690038,981,129,108,74.6777,61.5168
98.8816,5.3028,0.0877636,-0.000105455,-0.0688452,982,129,108,74.6777,61.5168
98.9457,5.0133,0.0880813,-0.000105594,-0.0686873,983,129,108,74.6777,61.5168
99.0096,4.7232,0.0883998,-0.000105733,-0.0685301,984,129,108,74.6777,61.5168
99.0733,4.4325,0.088719,-0.000105872,-0.0683736,985,129,108,74.6777,61.5168
99.1367,4.1412,0.089039,-0.000106012,-0.0682178,986,129,108,74.6777,61.5168
99.1999,3.8493,0.0893597,-0.000106152,-0.0680628,987,129,108,74.6777,61.5168
99.2629,3.5568,0.0896813,-0.000106293,-0.0679085,988,129,108,74.6777,61.5168
99.3256,3.2637,0.0900036,-0.000106433,-0.0677549,989,129,108,74.6777,61.5168
99.3881,2.97,0.0903267,-0.000106574,-0.0676019,990,129,108,74.6777,61.5168
99.4503,2.6757,0.0906505,-0.000106716,-0.0674497,991,129,108,74.6777,61.5168
99.5124,2.3808,0.0909751,-0.000106857,-0.0672982,992,129,108,74.6777,61.5168
99.5741,2.0853,0.0913005,-0.000106999,-0.0671474,993,129,108,74.6777,61.5168
99.6357,1.7892,0.0916267,-0.000107141,-0.0669972,994,129,108,74.6777,61.5168
99.697,1.4925,0.0919536,-0.000107284,-0.0668478,995,129,108,74.6777,61.5168
99.7581,1.1952,0.0922813,-0.000107426,-0.066699,996,129,108,74.6777,61.5168
99.8189,0.8973,0.0926098,-0.000107569,-0.0665509,997,129,108,74.6777,61.5168
99.8795,0.5988,0.092939,-0.000107713,-0.0664034,998,129,108,74.6777,61.5168
99.9399,0.2997,0.0932691,-0.000107856,-0.0662566,999,129,108,74.6777,61.5168
